wav_path	per
G:\RP\timitsplit\unvoiced\f_MDLH0_SX250_30680_33020.wav	1.0
G:\RP\timitsplit\unvoiced\dcl_MEJS0_SI1870_32520_36960.wav	2.0
G:\RP\timitsplit\unvoiced\s_t_MEJS0_SX250_7400_9400.wav	1.0
G:\RP\timitsplit\unvoiced\ch_MGAG0_SX331_17780_19590.wav	1.0
G:\RP\timitsplit\unvoiced\ch_s_t_MJAI0_SX434_4270_7870.wav	0.3333333333333333
G:\RP\timitsplit\unvoiced\s_MMDM1_SX243_22090_24140.wav	1.0
G:\RP\timitsplit\unvoiced\t_ax-h_pcl_p_MREM0_SI961_16650_20540.wav	0.5
G:\RP\timitsplit\unvoiced\q_p_MSDB0_SX287_10318_12650.wav	1.0
G:\RP\timitsplit\unvoiced\s_MCEW0_SI1442_38662_52320.wav	1.0
G:\RP\timitsplit\unvoiced\pcl_p_MKLR0_SX339_36573_41280.wav	1.0
G:\RP\timitsplit\unvoiced\ax-h_FLJG0_SI2241_30033_35120.wav	2.0
G:\RP\timitsplit\unvoiced\ch_MHBS0_SX405_34290_38960.wav	1.0
G:\RP\timitsplit\unvoiced\s_kcl_k_MAEB0_SX90_18130_21305.wav	0.0
G:\RP\timitsplit\unvoiced\s_k_MLNS0_SX417_34040_36970.wav	0.5
G:\RP\timitsplit\unvoiced\kcl_k_s_hh_MMDG0_SX340_4200_7394.wav	0.25
G:\RP\timitsplit\unvoiced\s_pcl_p_MDAC0_SX361_4360_7320.wav	0.0
G:\RP\timitsplit\unvoiced\pcl_p_MWSB0_SX276_14520_16120.wav	1.0
G:\RP\timitsplit\unvoiced\kcl_s_t_FCJF0_SI648_51320_57760.wav	0.6666666666666666
G:\RP\timitsplit\unvoiced\pcl_p_FJRB0_SX222_16878_18934.wav	1.0
G:\RP\timitsplit\unvoiced\kcl_k_FKAA0_SX218_27963_30760.wav	1.0
G:\RP\timitsplit\unvoiced\ax-h_kcl_k_FMKC0_SX352_2385_5470.wav	0.6666666666666666
G:\RP\timitsplit\unvoiced\kcl_k_s_q_FSCN0_SI626_8120_15193.wav	0.75
G:\RP\timitsplit\unvoiced\sh_MAEB0_SX180_37585_40031.wav	1.0
G:\RP\timitsplit\unvoiced\s_MARC0_SX378_5890_7920.wav	0.0
G:\RP\timitsplit\unvoiced\dcl_t_ax-h_bcl_MBAR0_SI1319_27880_31072.wav	1.0
G:\RP\timitsplit\unvoiced\ax-h_kcl_k_MCPM0_SX114_2600_5240.wav	0.6666666666666666
G:\RP\timitsplit\unvoiced\s_t_MCSS0_SI1380_23110_26310.wav	0.5
G:\RP\timitsplit\unvoiced\kcl_t_MDCM0_SX220_46429_49036.wav	1.0
G:\RP\timitsplit\unvoiced\kcl_k_MDED0_SX180_29560_31720.wav	0.5
G:\RP\timitsplit\unvoiced\f_t_q_MDLR0_SX63_15080_18520.wav	1.0
G:\RP\timitsplit\unvoiced\s_MDSS0_SI2087_13640_15560.wav	1.0
G:\RP\timitsplit\unvoiced\ax-h_kcl_k_MDWD0_SX180_30240_32292.wav	1.0
G:\RP\timitsplit\unvoiced\s_q_MGAG0_SI1321_40233_43148.wav	0.5
G:\RP\timitsplit\unvoiced\ax-h_kcl_k_MGAR0_SX222_30579_33160.wav	0.3333333333333333
G:\RP\timitsplit\unvoiced\kcl_k_MJMD0_SX218_7805_10340.wav	0.0
G:\RP\timitsplit\unvoiced\ax-h_kcl_k_MJMM0_SI625_28786_30921.wav	1.0
G:\RP\timitsplit\unvoiced\f_t_MJWS0_SX63_17880_20520.wav	1.5
G:\RP\timitsplit\unvoiced\sh_MKDT0_SX353_44490_55920.wav	2.0
G:\RP\timitsplit\unvoiced\s_t_MMAG0_SX226_2200_5389.wav	0.5
G:\RP\timitsplit\unvoiced\ax-h_kcl_k_MMCC0_SX168_6940_9316.wav	0.6666666666666666
G:\RP\timitsplit\unvoiced\s_t_MPAR0_SX226_2071_4310.wav	1.0
G:\RP\timitsplit\unvoiced\s_MPRT0_SX220_22280_24731.wav	1.0
G:\RP\timitsplit\unvoiced\kcl_k_MRAB1_SX218_11720_13990.wav	0.5
G:\RP\timitsplit\unvoiced\s_MRAV0_SX378_5973_8805.wav	1.0
G:\RP\timitsplit\unvoiced\f_pcl_p_MREW1_SX60_35843_38330.wav	1.0
G:\RP\timitsplit\unvoiced\s_MRFK0_SX176_50763_57280.wav	1.0
G:\RP\timitsplit\unvoiced\kcl_p_MRMH0_SI1021_50440_52900.wav	1.0
G:\RP\timitsplit\unvoiced\s_t_MRVG0_SX60_25817_28120.wav	1.0
G:\RP\timitsplit\unvoiced\s_t_MSFH0_SX226_2714_6372.wav	0.5
G:\RP\timitsplit\unvoiced\s_t_MTAS0_SI755_21020_23770.wav	0.5
G:\RP\timitsplit\unvoiced\kcl_t_MTJU0_SX220_45847_48690.wav	0.5
G:\RP\timitsplit\unvoiced\s_q_MTMT0_SX218_23808_26067.wav	0.5
G:\RP\timitsplit\unvoiced\s_t_MTRC0_SX363_36668_40880.wav	0.5
G:\RP\timitsplit\unvoiced\dcl_MWSB0_SI1626_25448_42400.wav	1.0
G:\RP\timitsplit\unvoiced\ax-h_kcl_MJPM1_SX311_74375_76960.wav	0.5
G:\RP\timitsplit\unvoiced\ax-h_MAPV0_SI1923_39477_43760.wav	1.0
G:\RP\timitsplit\unvoiced\kcl_k_MCPM0_SI1824_61080_67120.wav	1.5
G:\RP\timitsplit\unvoiced\s_MDAC0_SI631_76040_82160.wav	1.0
G:\RP\timitsplit\unvoiced\hh_MDEF0_SI1123_45993_52940.wav	1.0
G:\RP\timitsplit\unvoiced\pcl_s_MDLC0_SI1395_75640_83840.wav	0.5
G:\RP\timitsplit\unvoiced\ax-h_MGXP0_SI1087_65949_72960.wav	1.0
G:\RP\timitsplit\unvoiced\kcl_s_ax-h_kcl_k_MJDA0_SX401_5572_10010.wav	0.4
G:\RP\timitsplit\unvoiced\th_s_MJEB0_SX386_22040_25680.wav	1.5
G:\RP\timitsplit\unvoiced\sh_sh_MJFR0_SX435_59073_63193.wav	1.0
G:\RP\timitsplit\unvoiced\pcl_p_s_MKLS0_SX357_34680_39731.wav	0.0
G:\RP\timitsplit\unvoiced\s_MMAA0_SX305_40100_45200.wav	0.0
G:\RP\timitsplit\unvoiced\sh_MMDS0_SX443_11770_14704.wav	1.0
G:\RP\timitsplit\unvoiced\pcl_p_MREM0_SI511_7760_10271.wav	1.0
G:\RP\timitsplit\unvoiced\sh_MRMB0_SI951_38349_57440.wav	1.0
G:\RP\timitsplit\unvoiced\s_k_MTBC0_SI1803_25880_32626.wav	0.5
G:\RP\timitsplit\unvoiced\dcl_MTPF0_SI605_51560_55120.wav	2.0
G:\RP\timitsplit\unvoiced\ax-h_MVJH0_SX116_31373_35040.wav	1.0
G:\RP\timitsplit\unvoiced\ax-h_pcl_p_MBWP0_SI1969_32112_34210.wav	1.0
G:\RP\timitsplit\unvoiced\s_MCRE0_SI1121_13320_18172.wav	1.0
G:\RP\timitsplit\unvoiced\ax-h_t_MCRE0_SX221_38308_41640.wav	1.0
G:\RP\timitsplit\unvoiced\ax-h_pcl_p_MDLM0_SX334_20177_22050.wav	1.0
G:\RP\timitsplit\unvoiced\kcl_k_s_MDLR1_SX309_48600_54320.wav	0.0
G:\RP\timitsplit\unvoiced\s_kcl_k_f_MGRP0_SX57_26030_31560.wav	0.0
G:\RP\timitsplit\unvoiced\s_th_MJLB0_SX446_6263_8950.wav	1.0
G:\RP\timitsplit\unvoiced\s_MJPG0_SX111_28323_33120.wav	1.0
G:\RP\timitsplit\unvoiced\ax-h_pcl_p_MKLW0_SX131_2109_5399.wav	0.6666666666666666
G:\RP\timitsplit\unvoiced\t_s_MLNS0_SX327_55300_59120.wav	0.5
G:\RP\timitsplit\unvoiced\s_kcl_k_f_MLNS0_SX57_20690_24000.wav	0.75
G:\RP\timitsplit\unvoiced\t_MRAB0_SX54_46840_49920.wav	2.0
G:\RP\timitsplit\unvoiced\s_th_MRFK0_SX446_6516_9420.wav	0.5
G:\RP\timitsplit\unvoiced\kcl_k_MRMB0_SX141_40383_42505.wav	1.0
G:\RP\timitsplit\unvoiced\kcl_k_MTCS0_SX352_2560_4910.wav	1.0
G:\RP\timitsplit\unvoiced\dcl_MMDS0_SI1973_7341_8610.wav	1.0
G:\RP\timitsplit\unvoiced\kcl_k_s_t_MJHI0_SX428_36160_40600.wav	0.25
G:\RP\timitsplit\unvoiced\kcl_k_s_f_FKKH0_SX390_30920_34840.wav	0.25
G:\RP\timitsplit\unvoiced\s_MGRL0_SX57_28320_32160.wav	0.0
G:\RP\timitsplit\unvoiced\dcl_MBGT0_SX171_66200_72800.wav	1.0
G:\RP\timitsplit\unvoiced\s_MDEF0_SX123_35968_42720.wav	0.0
G:\RP\timitsplit\unvoiced\s_MSAH1_SX149_46479_50400.wav	1.0
G:\RP\timitsplit\unvoiced\ax-h_s_kcl_k_MWRE0_SX337_28430_31578.wav	0.75
G:\RP\timitsplit\unvoiced\s_pcl_p_MBAR0_SX59_19840_23456.wav	0.0
G:\RP\timitsplit\unvoiced\kcl_MBJV0_SI617_46440_51280.wav	3.0
G:\RP\timitsplit\unvoiced\ax-h_s_MBMA1_SX324_58800_71520.wav	1.0
G:\RP\timitsplit\unvoiced\s_t_MDEF0_SX213_36090_41680.wav	0.5
G:\RP\timitsplit\unvoiced\ax-h_s_MJEE0_SI1867_33044_35718.wav	0.5
G:\RP\timitsplit\unvoiced\ax-h_s_MJMM0_SX265_2506_5054.wav	1.0
G:\RP\timitsplit\unvoiced\ax-h_s_MJMM0_SX445_6976_9157.wav	1.0
G:\RP\timitsplit\unvoiced\s_MPGR1_SI1269_22990_27680.wav	0.0
G:\RP\timitsplit\unvoiced\ax-h_s_MRKM0_SI1267_50133_52890.wav	0.5
G:\RP\timitsplit\unvoiced\ax-h_s_MSDH0_SX440_53036_59200.wav	1.0
G:\RP\timitsplit\unvoiced\ax-h_s_MTAS0_SX215_2411_4840.wav	0.5
G:\RP\timitsplit\unvoiced\ax-h_s_MTXS0_SI2320_8689_11760.wav	0.5
G:\RP\timitsplit\unvoiced\ax-h_s_pcl_p_FLMA0_SX73_18456_21880.wav	0.5
G:\RP\timitsplit\unvoiced\f_MCTM0_SX450_47384_51760.wav	2.0
G:\RP\timitsplit\unvoiced\ax-h_s_pcl_p_MDLC2_SX84_38883_42023.wav	0.25
G:\RP\timitsplit\unvoiced\t_s_FBLV0_SI1688_78230_83040.wav	1.0
G:\RP\timitsplit\unvoiced\s_FDFB0_SX58_45372_50320.wav	0.0
G:\RP\timitsplit\unvoiced\s_MKLW0_SX41_51316_55440.wav	2.0
G:\RP\timitsplit\unvoiced\kcl_k_s_t_FSRH0_SX221_38520_41691.wav	0.5
G:\RP\timitsplit\unvoiced\s_MGRP0_SI1317_27864_34046.wav	0.0
G:\RP\timitsplit\unvoiced\kcl_s_f_MMCC0_SI1338_34920_39812.wav	0.3333333333333333
G:\RP\timitsplit\unvoiced\ax-h_t_MRJM1_SI1298_1437_4762.wav	2.0
G:\RP\timitsplit\unvoiced\kcl_k_s_t_FBLV0_SX428_29907_33910.wav	0.25
G:\RP\timitsplit\unvoiced\kcl_k_s_t_FECD0_SX428_36520_40480.wav	0.25
G:\RP\timitsplit\unvoiced\kcl_k_s_t_FETB0_SX428_33720_37560.wav	0.25
G:\RP\timitsplit\unvoiced\kcl_s_t_MDEM0_SX428_37240_41176.wav	0.6666666666666666
G:\RP\timitsplit\unvoiced\bcl_ch_MKLN0_SX428_9023_12484.wav	1.0
G:\RP\timitsplit\unvoiced\kcl_k_s_t_MTPP0_SX428_29480_33260.wav	0.25
G:\RP\timitsplit\unvoiced\th_kcl_k_FAEM0_SI762_33000_36887.wav	0.3333333333333333
G:\RP\timitsplit\unvoiced\s_FAEM0_SX132_7040_8850.wav	1.0
G:\RP\timitsplit\unvoiced\s_t_FAEM0_SX312_54607_60240.wav	0.5
G:\RP\timitsplit\unvoiced\kcl_k_FAEM0_SX402_45800_50560.wav	1.0
G:\RP\timitsplit\unvoiced\s_t_FAEM0_SX42_27700_31040.wav	1.0
G:\RP\timitsplit\unvoiced\pcl_t_FAJW0_SI633_68203_72269.wav	0.5
G:\RP\timitsplit\unvoiced\pcl_FAJW0_SX273_39781_45200.wav	1.0
G:\RP\timitsplit\unvoiced\s_FAJW0_SX363_46120_53840.wav	3.0
G:\RP\timitsplit\unvoiced\s_t_q_FALK0_SI1086_29535_32584.wav	0.6666666666666666
G:\RP\timitsplit\unvoiced\f_t_FALK0_SX186_16360_18760.wav	1.0
G:\RP\timitsplit\unvoiced\pcl_p_FALK0_SX276_18631_20929.wav	1.0
G:\RP\timitsplit\unvoiced\s_FALR0_SI1325_46532_52080.wav	0.0
G:\RP\timitsplit\unvoiced\pcl_p_FALR0_SI1955_27560_29569.wav	1.0
G:\RP\timitsplit\unvoiced\s_FALR0_SI695_39573_45520.wav	0.0
G:\RP\timitsplit\unvoiced\f_FAPB0_SX343_3880_6730.wav	1.0
G:\RP\timitsplit\unvoiced\s_k_FBAS0_SI1387_19320_27030.wav	0.5
G:\RP\timitsplit\unvoiced\s_q_FBAS0_SI1472_50783_54835.wav	0.5
G:\RP\timitsplit\unvoiced\pcl_p_FBCG1_SX352_52760_54878.wav	1.0
G:\RP\timitsplit\unvoiced\s_FBCG1_SX442_12700_14630.wav	1.0
G:\RP\timitsplit\unvoiced\pcl_s_FBCG1_SX82_35320_41120.wav	0.5
G:\RP\timitsplit\unvoiced\t_FBCH0_SI956_42803_46800.wav	1.0
G:\RP\timitsplit\unvoiced\s_FBCH0_SI959_2071_4540.wav	1.0
G:\RP\timitsplit\unvoiced\pcl_p_FBJL0_SI922_41720_43980.wav	1.0
G:\RP\timitsplit\unvoiced\t_s_q_FBJL0_SX112_10234_13159.wav	0.6666666666666666
G:\RP\timitsplit\unvoiced\sh_FBJL0_SX382_37930_40660.wav	1.0
G:\RP\timitsplit\unvoiced\s_t_FBLV0_SI2318_8600_11110.wav	0.5
G:\RP\timitsplit\unvoiced\bcl_FBMH0_SI1766_28280_29400.wav	1.0
G:\RP\timitsplit\unvoiced\th_sh_FBMJ0_SI1776_59248_61867.wav	1.0
G:\RP\timitsplit\unvoiced\s_pcl_p_FBMJ0_SI516_16360_18970.wav	1.0
G:\RP\timitsplit\unvoiced\s_FBMJ0_SX246_19960_23000.wav	1.0
G:\RP\timitsplit\unvoiced\sh_f_FBMJ0_SX336_31240_34120.wav	0.5
G:\RP\timitsplit\unvoiced\dcl_t_FCAG0_SI2133_16280_17253.wav	1.0
G:\RP\timitsplit\unvoiced\s_FCAG0_SX243_18590_21060.wav	1.0
G:\RP\timitsplit\unvoiced\sh_FCAG0_SX333_56750_62160.wav	1.0
G:\RP\timitsplit\unvoiced\sh_t_FCAG0_SX423_41232_44365.wav	0.5
G:\RP\timitsplit\unvoiced\s_f_FCAJ0_SI849_17796_20428.wav	1.0
G:\RP\timitsplit\unvoiced\kcl_k_s_FCAJ0_SX309_43621_51098.wav	0.0
G:\RP\timitsplit\unvoiced\s_FCAJ0_SX399_4887_6934.wav	1.0
G:\RP\timitsplit\unvoiced\s_FCAJ0_SX39_14319_16441.wav	1.0
G:\RP\timitsplit\unvoiced\s_FCDR1_SI1186_80168_90215.wav	2.0
G:\RP\timitsplit\unvoiced\dcl_FCDR1_SI1816_52280_77040.wav	1.0
G:\RP\timitsplit\unvoiced\kcl_k_FCDR1_SX376_17378_19720.wav	1.0
G:\RP\timitsplit\unvoiced\s_t_FCEG0_SI1248_47800_50440.wav	0.5
G:\RP\timitsplit\unvoiced\kcl_s_t_FCEG0_SI618_22280_25454.wav	0.6666666666666666
G:\RP\timitsplit\unvoiced\kcl_k_FCEG0_SX168_9524_11404.wav	1.0
G:\RP\timitsplit\unvoiced\f_FCEG0_SX258_21556_23960.wav	1.0
G:\RP\timitsplit\unvoiced\s_kcl_k_FCEG0_SX348_9000_12440.wav	0.0
G:\RP\timitsplit\unvoiced\pcl_p_th_FCEG0_SX438_44647_47240.wav	1.0
G:\RP\timitsplit\unvoiced\s_kcl_k_FCEG0_SX78_9560_12114.wav	0.3333333333333333
G:\RP\timitsplit\unvoiced\th_FCJF0_SI1657_40864_45360.wav	1.0
G:\RP\timitsplit\unvoiced\s_FCJS0_SX347_13981_16375.wav	1.0
G:\RP\timitsplit\unvoiced\t_s_FCJS0_SX77_43000_47200.wav	0.5
G:\RP\timitsplit\unvoiced\s_hh_FCKE0_SI481_4360_10120.wav	0.5
G:\RP\timitsplit\unvoiced\s_pcl_p_FCKE0_SX121_4760_6760.wav	1.0
G:\RP\timitsplit\unvoiced\s_p_FCKE0_SX211_10680_14040.wav	0.5
G:\RP\timitsplit\unvoiced\s_ch_FCKE0_SX301_31880_35960.wav	0.5
G:\RP\timitsplit\unvoiced\bcl_FCKE0_SX31_20200_21280.wav	1.0
G:\RP\timitsplit\unvoiced\s_FCLT0_SI808_65543_70800.wav	0.0
G:\RP\timitsplit\unvoiced\s_t_FCLT0_SX88_8060_10220.wav	1.0
G:\RP\timitsplit\unvoiced\s_t_FCMG0_SI1142_63080_65973.wav	0.5
G:\RP\timitsplit\unvoiced\s_FCMG0_SX162_43951_54400.wav	1.0
G:\RP\timitsplit\unvoiced\kcl_ch_FCMG0_SX342_4680_7143.wav	1.0
G:\RP\timitsplit\unvoiced\pcl_k_FCMM0_SI1957_41560_45000.wav	0.0
G:\RP\timitsplit\unvoiced\pcl_FCMM0_SX273_33640_39760.wav	1.0
G:\RP\timitsplit\unvoiced\s_t_FCMM0_SX363_41000_46720.wav	0.5
G:\RP\timitsplit\unvoiced\dcl_FCMM0_SX420_57007_66320.wav	2.0
G:\RP\timitsplit\unvoiced\s_FCRZ0_SX343_21760_23770.wav	1.0
G:\RP\timitsplit\unvoiced\f_s_dcl_FCRZ0_SX73_6200_10040.wav	0.6666666666666666
G:\RP\timitsplit\unvoiced\s_kcl_k_FCYL0_SX349_7080_9969.wav	0.3333333333333333
G:\RP\timitsplit\unvoiced\kcl_k_s_pcl_p_FDAS1_SI1461_42880_46750.wav	0.4
G:\RP\timitsplit\unvoiced\kcl_k_s_bcl_FDAS1_SI831_17138_20190.wav	0.5
G:\RP\timitsplit\unvoiced\dcl_t_FDAW0_SI1271_23080_27260.wav	0.5
G:\RP\timitsplit\unvoiced\s_kcl_k_FDFB0_SI2010_11609_15360.wav	0.0
G:\RP\timitsplit\unvoiced\kcl_t_FDFB0_SX238_5880_8181.wav	1.0
G:\RP\timitsplit\unvoiced\s_FDFB0_SX418_40772_45920.wav	0.0
G:\RP\timitsplit\unvoiced\dcl_FDJH0_SI1565_18520_20280.wav	1.0
G:\RP\timitsplit\unvoiced\s_FDJH0_SX35_33880_40240.wav	0.0
G:\RP\timitsplit\unvoiced\kcl_k_FDKN0_SX271_5360_8210.wav	1.0
G:\RP\timitsplit\unvoiced\th_FDKN0_SX451_5008_7815.wav	1.0
G:\RP\timitsplit\unvoiced\s_pcl_p_FDML0_SI1149_4840_7560.wav	0.0
G:\RP\timitsplit\unvoiced\s_t_FDML0_SX429_11488_14760.wav	0.0
G:\RP\timitsplit\unvoiced\s_kcl_k_FDMY0_SI1197_30806_34760.wav	0.0
G:\RP\timitsplit\unvoiced\pcl_p_FDMY0_SX117_27765_30360.wav	1.0
G:\RP\timitsplit\unvoiced\s_FDMY0_SX207_16440_19476.wav	1.0
G:\RP\timitsplit\unvoiced\t_s_FDNC0_SX108_37880_40760.wav	1.0
G:\RP\timitsplit\unvoiced\sh_q_FDNC0_SX288_41880_45400.wav	0.5
G:\RP\timitsplit\unvoiced\s_pcl_p_FDTD0_SX121_6920_9460.wav	0.6666666666666666
G:\RP\timitsplit\unvoiced\s_t_pcl_p_FDTD0_SX211_12040_17080.wav	0.5
G:\RP\timitsplit\unvoiced\t_FDXW0_SI2141_18507_21840.wav	2.0
G:\RP\timitsplit\unvoiced\s_FDXW0_SI881_36680_39144.wav	0.0
G:\RP\timitsplit\unvoiced\s_t_FDXW0_SX161_39570_42970.wav	1.0
G:\RP\timitsplit\unvoiced\s_ax-h_kcl_k_FDXW0_SX341_5740_9390.wav	0.5
G:\RP\timitsplit\unvoiced\th_dcl_FDXW0_SX431_5800_8790.wav	1.0
G:\RP\timitsplit\unvoiced\s_FDXW0_SX71_28350_32720.wav	1.0
G:\RP\timitsplit\unvoiced\kcl_k_t_q_FEAC0_SI1245_8680_13061.wav	0.75
G:\RP\timitsplit\unvoiced\s_FEAC0_SI1875_43709_52080.wav	0.0
G:\RP\timitsplit\unvoiced\pcl_p_FEAC0_SI615_18297_21320.wav	1.0
G:\RP\timitsplit\unvoiced\th_hh_FEAC0_SX255_26782_28440.wav	1.0
G:\RP\timitsplit\unvoiced\s_t_FEAC0_SX435_42680_45960.wav	0.5
G:\RP\timitsplit\unvoiced\t_FEAR0_SX172_4520_6443.wav	1.0
G:\RP\timitsplit\unvoiced\pcl_p_FEAR0_SX352_29800_32920.wav	1.5
G:\RP\timitsplit\unvoiced\bcl_hh_FEAR0_SX442_42964_45878.wav	1.0
G:\RP\timitsplit\unvoiced\pcl_p_s_FEAR0_SX82_39960_46880.wav	0.0
G:\RP\timitsplit\unvoiced\s_pcl_p_FECD0_SI1418_15400_18651.wav	0.6666666666666666
G:\RP\timitsplit\unvoiced\t_s_FECD0_SI788_44560_52120.wav	1.0
G:\RP\timitsplit\unvoiced\pcl_t_FEEH0_SI1742_10440_13400.wav	1.0
G:\RP\timitsplit\unvoiced\f_ax-h_q_FEEH0_SX302_5960_10520.wav	1.0
G:\RP\timitsplit\unvoiced\dcl_s_FEME0_SI1505_15080_18060.wav	1.0
G:\RP\timitsplit\unvoiced\s_FETB0_SI518_50680_55680.wav	0.0
G:\RP\timitsplit\unvoiced\f_FGCS0_SI1486_3090_5123.wav	1.0
G:\RP\timitsplit\unvoiced\s_FGCS0_SI856_33336_39527.wav	0.0
G:\RP\timitsplit\unvoiced\gcl_t_FGCS0_SX406_36051_38591.wav	0.5
G:\RP\timitsplit\unvoiced\t_FGDP0_SI988_42380_47500.wav	2.0
G:\RP\timitsplit\unvoiced\kcl_t_ax-h_kcl_k_FGDP0_SX88_34520_38600.wav	0.6
G:\RP\timitsplit\unvoiced\s_pcl_p_FGMB0_SI1775_19720_22934.wav	0.3333333333333333
G:\RP\timitsplit\unvoiced\s_FGMB0_SI515_37347_39603.wav	1.0
G:\RP\timitsplit\unvoiced\q_FGRW0_SX162_18466_19928.wav	1.0
G:\RP\timitsplit\unvoiced\kcl_ch_FGRW0_SX342_6360_8760.wav	0.5
G:\RP\timitsplit\unvoiced\kcl_k_FHLM0_SI2190_11363_13810.wav	0.0
G:\RP\timitsplit\unvoiced\kcl_sh_FHLM0_SI930_37640_40288.wav	0.5
G:\RP\timitsplit\unvoiced\s_ch_FHLM0_SX300_10610_16180.wav	1.0
G:\RP\timitsplit\unvoiced\s_kcl_k_FHLM0_SX349_7480_10660.wav	0.0
G:\RP\timitsplit\unvoiced\kcl_k_FHXS0_SI1075_42935_45230.wav	0.5
G:\RP\timitsplit\unvoiced\kcl_k_s_FHXS0_SX175_63240_75280.wav	0.0
G:\RP\timitsplit\unvoiced\dcl_FHXS0_SX265_40440_44480.wav	1.0
G:\RP\timitsplit\unvoiced\dcl_FHXS0_SX445_33963_36480.wav	1.0
G:\RP\timitsplit\unvoiced\s_FHXS0_SX85_38108_45760.wav	0.0
G:\RP\timitsplit\unvoiced\sh_FJDM2_SI1582_25128_27211.wav	1.0
G:\RP\timitsplit\unvoiced\bcl_FJDM2_SX232_58121_63440.wav	4.0
G:\RP\timitsplit\unvoiced\f_t_FJDM2_SX322_35468_46400.wav	2.0
G:\RP\timitsplit\unvoiced\ch_t_FJDM2_SX412_34374_36716.wav	1.0
G:\RP\timitsplit\unvoiced\s_FJEN0_SI2307_9650_12350.wav	1.0
G:\RP\timitsplit\unvoiced\s_FJEN0_SX327_78120_83040.wav	1.0
G:\RP\timitsplit\unvoiced\s_t_kcl_k_FJEN0_SX417_46121_51155.wav	0.25
G:\RP\timitsplit\unvoiced\k_FJHK0_SI1652_4150_5380.wav	1.0
G:\RP\timitsplit\unvoiced\kcl_k_FJHK0_SI2282_44394_47062.wav	1.0
G:\RP\timitsplit\unvoiced\s_s_FJHK0_SX302_22760_27141.wav	1.0
G:\RP\timitsplit\unvoiced\th_dcl_FJKL0_SI1562_9961_11830.wav	1.0
G:\RP\timitsplit\unvoiced\s_FJKL0_SX302_26120_28860.wav	1.0
G:\RP\timitsplit\unvoiced\p_t_f_FJLG0_SI1889_17237_21320.wav	1.0
G:\RP\timitsplit\unvoiced\s_FJLG0_SX359_21556_24104.wav	1.0
G:\RP\timitsplit\unvoiced\s_FJLR0_SX151_47508_52880.wav	0.0
G:\RP\timitsplit\unvoiced\hh_FJLR0_SX241_26760_28680.wav	1.0
G:\RP\timitsplit\unvoiced\dcl_t_ax-h_ch_FJLR0_SX331_19300_24062.wav	1.0
G:\RP\timitsplit\unvoiced\sh_ch_FJLR0_SX421_34120_38920.wav	0.5
G:\RP\timitsplit\unvoiced\dcl_FJRB0_SX132_36276_39600.wav	1.0
G:\RP\timitsplit\unvoiced\s_t_FJRB0_SX312_54609_64239.wav	1.0
G:\RP\timitsplit\unvoiced\kcl_k_FJRB0_SX402_39398_72240.wav	4.0
G:\RP\timitsplit\unvoiced\s_kcl_k_FJRB0_SX42_8551_11288.wav	0.0
G:\RP\timitsplit\unvoiced\f_FJRP1_SX172_11960_13368.wav	1.0
G:\RP\timitsplit\unvoiced\s_FJRP1_SX352_65545_68150.wav	0.0
G:\RP\timitsplit\unvoiced\t_FJRP1_SX442_52070_55120.wav	2.0
G:\RP\timitsplit\unvoiced\pcl_p_s_FJRP1_SX82_48095_55706.wav	0.6666666666666666
G:\RP\timitsplit\unvoiced\sh_FJSK0_SI1682_2750_4597.wav	1.0
G:\RP\timitsplit\unvoiced\kcl_k_s_t_FJSK0_SX332_47160_54160.wav	0.25
G:\RP\timitsplit\unvoiced\dcl_FJSK0_SX62_40200_43520.wav	1.0
G:\RP\timitsplit\unvoiced\s_pcl_p_FJSP0_SI1434_29950_32700.wav	0.6666666666666666
G:\RP\timitsplit\unvoiced\f_FJSP0_SX264_38120_46080.wav	2.0
G:\RP\timitsplit\unvoiced\s_t_FJWB1_SI748_59715_64005.wav	0.5
G:\RP\timitsplit\unvoiced\q_kcl_k_FJWB1_SX255_24313_27150.wav	0.6666666666666666
G:\RP\timitsplit\unvoiced\sh_FJWB1_SX435_43240_46120.wav	1.0
G:\RP\timitsplit\unvoiced\s_FJXM0_SI1211_11446_14120.wav	1.0
G:\RP\timitsplit\unvoiced\t_FJXM0_SX131_39960_42480.wav	1.0
G:\RP\timitsplit\unvoiced\kcl_FJXM0_SX311_72280_76560.wav	2.0
G:\RP\timitsplit\unvoiced\s_t_t_FJXM0_SX401_36920_42360.wav	1.3333333333333333
G:\RP\timitsplit\unvoiced\dcl_FJXP0_SX132_35960_38800.wav	1.0
G:\RP\timitsplit\unvoiced\s_t_FJXP0_SX312_51560_56960.wav	0.5
G:\RP\timitsplit\unvoiced\kcl_k_FJXP0_SX402_40760_47600.wav	1.0
G:\RP\timitsplit\unvoiced\s_kcl_k_FJXP0_SX42_7000_9880.wav	1.0
G:\RP\timitsplit\unvoiced\s_FKDE0_SI1141_70120_75440.wav	0.0
G:\RP\timitsplit\unvoiced\t_s_FKDE0_SX151_44920_49760.wav	0.5
G:\RP\timitsplit\unvoiced\pcl_p_FKDE0_SX241_13800_15331.wav	1.0
G:\RP\timitsplit\unvoiced\ch_FKDE0_SX331_20302_22266.wav	1.0
G:\RP\timitsplit\unvoiced\sh_ch_FKDE0_SX421_34422_38809.wav	1.5
G:\RP\timitsplit\unvoiced\kcl_k_FKDW0_SI577_10600_12920.wav	0.5
G:\RP\timitsplit\unvoiced\s_FKFB0_SI1608_70170_76320.wav	0.0
G:\RP\timitsplit\unvoiced\kcl_k_dcl_FKFB0_SX168_17706_19800.wav	1.0
G:\RP\timitsplit\unvoiced\kcl_k_s_q_FKFB0_SX258_31646_34786.wav	0.25
G:\RP\timitsplit\unvoiced\kcl_k_pcl_p_FKFB0_SX348_28281_31750.wav	0.5
G:\RP\timitsplit\unvoiced\kcl_k_FKFB0_SX438_15408_18320.wav	1.0
G:\RP\timitsplit\unvoiced\s_kcl_k_FKFB0_SX78_11790_14720.wav	0.3333333333333333
G:\RP\timitsplit\unvoiced\kcl_k_FKKH0_SX120_3160_5810.wav	1.0
G:\RP\timitsplit\unvoiced\pcl_k_FKKH0_SX300_22920_25670.wav	1.0
G:\RP\timitsplit\unvoiced\kcl_k_FKLC0_SI1615_20520_23430.wav	0.5
G:\RP\timitsplit\unvoiced\s_t_FKLC0_SX265_41400_44870.wav	0.5
G:\RP\timitsplit\unvoiced\s_FKLC0_SX445_8100_13184.wav	1.0
G:\RP\timitsplit\unvoiced\s_t_FKLC1_SI1048_62261_64879.wav	1.0
G:\RP\timitsplit\unvoiced\kcl_t_FKLC1_SX238_6851_9130.wav	1.0
G:\RP\timitsplit\unvoiced\sh_FKLC1_SX418_39080_44640.wav	3.0
G:\RP\timitsplit\unvoiced\s_FKLH0_SI627_10615_13062.wav	1.0
G:\RP\timitsplit\unvoiced\pcl_FKLH0_SX87_25441_27508.wav	1.0
G:\RP\timitsplit\unvoiced\dcl_t_FKSR0_SI487_27400_29640.wav	1.0
G:\RP\timitsplit\unvoiced\s_t_FKSR0_SX161_46600_49078.wav	0.5
G:\RP\timitsplit\unvoiced\dcl_s_FLAC0_SX271_32920_38640.wav	0.5
G:\RP\timitsplit\unvoiced\s_t_FLAC0_SX451_15456_18214.wav	0.0
G:\RP\timitsplit\unvoiced\kcl_k_s_f_FLAG0_SI834_52251_55770.wav	0.25
G:\RP\timitsplit\unvoiced\s_FLAG0_SX204_46410_53680.wav	1.0
G:\RP\timitsplit\unvoiced\s_FLEH0_SX151_48595_55040.wav	0.0
G:\RP\timitsplit\unvoiced\hh_FLEH0_SX241_25971_27850.wav	1.0
G:\RP\timitsplit\unvoiced\gcl_FLEH0_SX331_6047_8280.wav	1.0
G:\RP\timitsplit\unvoiced\sh_ch_FLEH0_SX421_37765_42000.wav	0.5
G:\RP\timitsplit\unvoiced\th_kcl_k_FLET0_SI1137_26920_30203.wav	0.3333333333333333
G:\RP\timitsplit\unvoiced\f_bcl_FLET0_SX417_37000_40124.wav	1.0
G:\RP\timitsplit\unvoiced\kcl_k_s_pcl_p_FLHD0_SI1344_2840_6453.wav	0.4
G:\RP\timitsplit\unvoiced\kcl_k_FLHD0_SI1827_14078_16520.wav	1.0
G:\RP\timitsplit\unvoiced\f_FLHD0_SI1974_29259_31130.wav	1.0
G:\RP\timitsplit\unvoiced\f_FLHD0_SX264_39981_45120.wav	1.0
G:\RP\timitsplit\unvoiced\f_FLJA0_SI2338_18360_21040.wav	1.0
G:\RP\timitsplit\unvoiced\kcl_t_ax-h_kcl_k_FLJA0_SX88_27253_30140.wav	1.0
G:\RP\timitsplit\unvoiced\s_FLJD0_SI1516_35760_38320.wav	1.0
G:\RP\timitsplit\unvoiced\t_s_pcl_p_FLJD0_SX346_33270_36300.wav	0.25
G:\RP\timitsplit\unvoiced\kcl_k_s_FLJD0_SX76_41560_48560.wav	0.0
G:\RP\timitsplit\unvoiced\th_q_FLJG0_SI981_43241_46030.wav	1.0
G:\RP\timitsplit\unvoiced\kcl_t_hh_FLJG0_SX351_23800_27910.wav	1.0
G:\RP\timitsplit\unvoiced\t_FLJG0_SX441_46050_54640.wav	2.0
G:\RP\timitsplit\unvoiced\f_FLKM0_SX260_45080_47460.wav	1.0
G:\RP\timitsplit\unvoiced\s_pcl_p_FLKM0_SX350_29720_33160.wav	0.0
G:\RP\timitsplit\unvoiced\th_s_FLMA0_SI613_29077_31949.wav	1.0
G:\RP\timitsplit\unvoiced\s_ax-h_bcl_FLMA0_SX343_21791_25240.wav	0.6666666666666666
G:\RP\timitsplit\unvoiced\dcl_t_s_FLMC0_SX112_37880_43360.wav	0.3333333333333333
G:\RP\timitsplit\unvoiced\sh_f_FLMC0_SX336_23979_26590.wav	1.0
G:\RP\timitsplit\unvoiced\sh_FLMC0_SX382_33755_36353.wav	1.0
G:\RP\timitsplit\unvoiced\s_FLMK0_SI1229_62910_67600.wav	0.0
G:\RP\timitsplit\unvoiced\kcl_k_FLMK0_SI2295_3760_6257.wav	1.0
G:\RP\timitsplit\unvoiced\s_FLMK0_SX135_53380_58880.wav	1.0
G:\RP\timitsplit\unvoiced\kcl_k_FLOD0_SI1287_23080_24990.wav	1.0
G:\RP\timitsplit\unvoiced\pcl_p_ax-h_pcl_p_FLOD0_SX117_13000_16680.wav	1.0
G:\RP\timitsplit\unvoiced\s_FLOD0_SX207_9640_11815.wav	1.0
G:\RP\timitsplit\unvoiced\s_FLTM0_SI1700_37054_42400.wav	1.0
G:\RP\timitsplit\unvoiced\f_FLTM0_SX260_39494_41710.wav	1.0
G:\RP\timitsplit\unvoiced\t_q_FLTM0_SX350_57500_61654.wav	1.0
G:\RP\timitsplit\unvoiced\q_FMAH1_SI1509_35342_36804.wav	1.0
G:\RP\timitsplit\unvoiced\f_FMAH1_SI2139_11080_13110.wav	1.0
G:\RP\timitsplit\unvoiced\s_t_FMAH1_SI879_59758_62824.wav	0.5
G:\RP\timitsplit\unvoiced\s_t_FMAH1_SX429_11320_14860.wav	0.5
G:\RP\timitsplit\unvoiced\s_hh_FMBG0_SI1160_19383_31000.wav	0.0
G:\RP\timitsplit\unvoiced\s_hh_FMBG0_SI1790_9400_14840.wav	1.0
G:\RP\timitsplit\unvoiced\s_hh_FMBG0_SI2264_13640_17560.wav	0.0
G:\RP\timitsplit\unvoiced\s_pcl_p_FMBG0_SX350_20280_23812.wav	0.0
G:\RP\timitsplit\unvoiced\s_q_FMEM0_SI747_24910_30184.wav	0.5
G:\RP\timitsplit\unvoiced\pcl_p_FMEM0_SX117_19560_22138.wav	1.0
G:\RP\timitsplit\unvoiced\s_FMEM0_SX207_13242_15870.wav	0.0
G:\RP\timitsplit\unvoiced\sh_FMEM0_SX333_76402_82160.wav	1.0
G:\RP\timitsplit\unvoiced\f_FMJB0_SI547_10520_12920.wav	1.0
G:\RP\timitsplit\unvoiced\s_FMJF0_SI1884_24120_26440.wav	1.0
G:\RP\timitsplit\unvoiced\q_th_FMJF0_SI624_33587_37514.wav	0.5
G:\RP\timitsplit\unvoiced\f_FMJF0_SX264_39720_44400.wav	1.0
G:\RP\timitsplit\unvoiced\kcl_k_s_FMJU0_SX309_47640_53920.wav	0.0
G:\RP\timitsplit\unvoiced\s_FMJU0_SX399_5240_7750.wav	1.0
G:\RP\timitsplit\unvoiced\s_FMJU0_SX39_17330_19570.wav	1.0
G:\RP\timitsplit\unvoiced\t_FMKC0_SX172_16110_17830.wav	1.0
G:\RP\timitsplit\unvoiced\s_FMKC0_SX442_15340_17520.wav	1.0
G:\RP\timitsplit\unvoiced\pcl_p_s_FMKC0_SX82_35520_45600.wav	0.0
G:\RP\timitsplit\unvoiced\th_FMKF0_SI906_29863_31940.wav	1.0
G:\RP\timitsplit\unvoiced\pcl_p_FMKF0_SX186_20103_21639.wav	1.0
G:\RP\timitsplit\unvoiced\pcl_p_FMKF0_SX276_16600_18786.wav	1.0
G:\RP\timitsplit\unvoiced\dcl_th_FMMH0_SX420_44880_47220.wav	1.0
G:\RP\timitsplit\unvoiced\s_FMPG0_SX162_54245_70480.wav	0.0
G:\RP\timitsplit\unvoiced\kcl_ch_FMPG0_SX342_6920_10645.wav	1.0
G:\RP\timitsplit\unvoiced\kcl_k_FNKL0_SI2152_17880_19960.wav	1.0
G:\RP\timitsplit\unvoiced\hh_FNKL0_SX172_38349_40380.wav	1.0
G:\RP\timitsplit\unvoiced\s_FNKL0_SX442_2673_4620.wav	1.0
G:\RP\timitsplit\unvoiced\s_sh_FNKL0_SX82_12690_20310.wav	0.5
G:\RP\timitsplit\unvoiced\f_t_bcl_FNTB0_SI1203_25586_28687.wav	1.0
G:\RP\timitsplit\unvoiced\s_kcl_k_s_q_FNTB0_SI679_53768_59183.wav	0.0
G:\RP\timitsplit\unvoiced\f_FNTB0_SX303_11080_13493.wav	1.0
G:\RP\timitsplit\unvoiced\sh_FNTB0_SX393_3843_5720.wav	1.0
G:\RP\timitsplit\unvoiced\f_s_FPAB1_SI2101_60200_64120.wav	0.0
G:\RP\timitsplit\unvoiced\s_f_FPAB1_SI841_31880_35350.wav	0.5
G:\RP\timitsplit\unvoiced\s_pcl_p_FPAB1_SX121_13560_16120.wav	1.0
G:\RP\timitsplit\unvoiced\s_pcl_p_FPAB1_SX211_12200_16070.wav	0.0
G:\RP\timitsplit\unvoiced\s_ch_FPAB1_SX301_39880_44250.wav	0.5
G:\RP\timitsplit\unvoiced\t_FPAB1_SX31_14860_16520.wav	1.0
G:\RP\timitsplit\unvoiced\s_pcl_p_FPAC0_SX121_4840_7770.wav	1.0
G:\RP\timitsplit\unvoiced\s_p_FPAC0_SX211_14120_18860.wav	0.5
G:\RP\timitsplit\unvoiced\s_ch_FPAC0_SX301_45670_50336.wav	0.5
G:\RP\timitsplit\unvoiced\dcl_q_FPAC0_SX31_7400_8956.wav	1.0
G:\RP\timitsplit\unvoiced\s_FPAD0_SX176_58970_64480.wav	1.0
G:\RP\timitsplit\unvoiced\s_FPAD0_SX356_52053_57680.wav	0.0
G:\RP\timitsplit\unvoiced\pcl_p_s_FPAD0_SX446_27554_30628.wav	0.0
G:\RP\timitsplit\unvoiced\t_FPAF0_SI1054_87400_90720.wav	2.0
G:\RP\timitsplit\unvoiced\kcl_k_FPAF0_SI2314_13680_15930.wav	0.0
G:\RP\timitsplit\unvoiced\s_f_FPAF0_SX244_32360_35370.wav	0.5
G:\RP\timitsplit\unvoiced\s_t_FPAZ0_SI2223_19230_22230.wav	0.5
G:\RP\timitsplit\unvoiced\s_s_FPAZ0_SX153_49093_56720.wav	0.5
G:\RP\timitsplit\unvoiced\s_FPAZ0_SX243_19530_21500.wav	1.0
G:\RP\timitsplit\unvoiced\sh_t_ax-h_FPAZ0_SX423_42510_45756.wav	0.6666666666666666
G:\RP\timitsplit\unvoiced\q_k_FPJF0_SI1676_21909_25090.wav	0.5
G:\RP\timitsplit\unvoiced\pcl_p_FPJF0_SX352_25333_27520.wav	1.0
G:\RP\timitsplit\unvoiced\q_f_FPLS0_SI1590_30320_33130.wav	1.0
G:\RP\timitsplit\unvoiced\s_t_FPLS0_SX60_27780_30200.wav	1.0
G:\RP\timitsplit\unvoiced\s_t_FPMY0_SI1153_51018_54280.wav	1.0
G:\RP\timitsplit\unvoiced\f_FPMY0_SX343_3801_6214.wav	1.0
G:\RP\timitsplit\unvoiced\ch_kcl_k_FREH0_SX145_5942_8280.wav	0.6666666666666666
G:\RP\timitsplit\unvoiced\sh_FREH0_SX325_10520_12320.wav	1.0
G:\RP\timitsplit\unvoiced\t_FREH0_SX415_16520_17587.wav	1.0
G:\RP\timitsplit\unvoiced\kcl_ch_FRJB0_SI1427_36200_39490.wav	1.0
G:\RP\timitsplit\unvoiced\pcl_p_FRJB0_SI1794_8920_11060.wav	1.0
G:\RP\timitsplit\unvoiced\s_FRJB0_SX347_14746_17020.wav	1.0
G:\RP\timitsplit\unvoiced\t_s_FRJB0_SX77_41780_46960.wav	0.5
G:\RP\timitsplit\unvoiced\s_f_FRLL0_SI1514_26695_29980.wav	0.5
G:\RP\timitsplit\unvoiced\f_pcl_p_FRLL0_SI805_61240_64160.wav	1.0
G:\RP\timitsplit\unvoiced\ch_s_t_FRLL0_SX434_5170_9020.wav	1.0
G:\RP\timitsplit\unvoiced\th_FSAG0_SI693_41179_44800.wav	1.0
G:\RP\timitsplit\unvoiced\s_t_FSAG0_SX153_64224_74640.wav	0.5
G:\RP\timitsplit\unvoiced\s_FSAG0_SX243_20938_23509.wav	1.0
G:\RP\timitsplit\unvoiced\sh_FSAG0_SX333_74709_79920.wav	2.0
G:\RP\timitsplit\unvoiced\sh_t_FSAG0_SX423_53322_59978.wav	0.5
G:\RP\timitsplit\unvoiced\kcl_k_s_bcl_FSAH0_SI614_19000_22441.wav	0.25
G:\RP\timitsplit\unvoiced\s_FSAH0_SX327_76041_79975.wav	0.0
G:\RP\timitsplit\unvoiced\ch_s_t_FSAH0_SX434_7480_11560.wav	0.6666666666666666
G:\RP\timitsplit\unvoiced\q_pcl_p_FSAK0_SI1930_7456_10080.wav	1.0
G:\RP\timitsplit\unvoiced\s_t_FSAK0_SX130_26784_32080.wav	1.5
G:\RP\timitsplit\unvoiced\kcl_k_s_FSAK0_SX400_37640_44000.wav	0.3333333333333333
G:\RP\timitsplit\unvoiced\pcl_p_s_FSBK0_SI1069_6047_8400.wav	1.0
G:\RP\timitsplit\unvoiced\bcl_FSBK0_SI1699_15640_16869.wav	1.0
G:\RP\timitsplit\unvoiced\kcl_k_s_pcl_p_FSBK0_SX169_37400_40810.wav	0.0
G:\RP\timitsplit\unvoiced\s_kcl_k_FSBK0_SX349_7960_11430.wav	0.0
G:\RP\timitsplit\unvoiced\t_s_t_FSBK0_SX439_4890_8149.wav	0.6666666666666666
G:\RP\timitsplit\unvoiced\kcl_p_FSBK0_SX79_33642_36880.wav	1.0
G:\RP\timitsplit\unvoiced\dcl_s_s_FSCN0_SI705_22940_36440.wav	0.3333333333333333
G:\RP\timitsplit\unvoiced\kcl_k_s_pcl_p_ax-h_t_FSCN0_SX176_63160_69160.wav	0.2857142857142857
G:\RP\timitsplit\unvoiced\s_FSCN0_SX356_46512_51120.wav	1.0
G:\RP\timitsplit\unvoiced\kcl_s_q_FSCN0_SX446_15717_23060.wav	1.6666666666666667
G:\RP\timitsplit\unvoiced\s_dcl_FSDC0_SI2234_11655_13618.wav	1.0
G:\RP\timitsplit\unvoiced\s_f_FSDC0_SX232_3080_5770.wav	1.0
G:\RP\timitsplit\unvoiced\f_t_FSDC0_SX322_34440_39680.wav	2.0
G:\RP\timitsplit\unvoiced\q_ch_t_FSDC0_SX412_26234_29160.wav	1.0
G:\RP\timitsplit\unvoiced\s_FSDJ0_SI1115_44040_48251.wav	1.0
G:\RP\timitsplit\unvoiced\s_FSDJ0_SI1745_3640_5430.wav	1.0
G:\RP\timitsplit\unvoiced\s_FSDJ0_SX35_29320_34960.wav	0.0
G:\RP\timitsplit\unvoiced\pcl_p_FSGF0_SX117_15240_17810.wav	1.0
G:\RP\timitsplit\unvoiced\s_FSGF0_SX207_11490_13969.wav	1.0
G:\RP\timitsplit\unvoiced\s_FSJG0_SX130_46390_52880.wav	1.0
G:\RP\timitsplit\unvoiced\kcl_s_FSJG0_SX400_62328_69760.wav	0.5
G:\RP\timitsplit\unvoiced\pcl_p_FSJK1_SI696_52280_56480.wav	1.0
G:\RP\timitsplit\unvoiced\s_ax-h_kcl_k_s_FSJK1_SX35_22610_29242.wav	0.2
G:\RP\timitsplit\unvoiced\kcl_k_FSJS0_SI1171_30078_35600.wav	0.5
G:\RP\timitsplit\unvoiced\dcl_s_FSJS0_SX271_37880_45760.wav	0.0
G:\RP\timitsplit\unvoiced\s_pcl_p_FSJS0_SX361_3560_6642.wav	0.6666666666666666
G:\RP\timitsplit\unvoiced\s_FSJS0_SX451_59013_65120.wav	1.0
G:\RP\timitsplit\unvoiced\kcl_k_s_FSJW0_SI1333_5389_8280.wav	0.3333333333333333
G:\RP\timitsplit\unvoiced\ch_pcl_p_FSJW0_SI1963_5170_8420.wav	0.6666666666666666
G:\RP\timitsplit\unvoiced\s_kcl_k_FSJW0_SI703_11060_14050.wav	0.6666666666666666
G:\RP\timitsplit\unvoiced\gcl_FSJW0_SX343_39686_41995.wav	1.0
G:\RP\timitsplit\unvoiced\s_t_FSKC0_SI2046_3751_6387.wav	0.5
G:\RP\timitsplit\unvoiced\s_FSKC0_SX246_18680_21550.wav	1.0
G:\RP\timitsplit\unvoiced\sh_f_FSKC0_SX336_27730_30830.wav	1.0
G:\RP\timitsplit\unvoiced\t_FSKL0_SI2159_56880_64160.wav	1.0
G:\RP\timitsplit\unvoiced\s_t_FSKL0_SX359_5750_7874.wav	1.0
G:\RP\timitsplit\unvoiced\kcl_k_FSKP0_SI1728_6760_8840.wav	1.0
G:\RP\timitsplit\unvoiced\q_s_FSKP0_SX108_31560_34440.wav	1.0
G:\RP\timitsplit\unvoiced\sh_f_FSKP0_SX288_4280_6680.wav	1.0
G:\RP\timitsplit\unvoiced\t_FSLS0_SI1056_45420_48640.wav	1.0
G:\RP\timitsplit\unvoiced\s_FSLS0_SX246_18420_21220.wav	1.0
G:\RP\timitsplit\unvoiced\s_FSMA0_SI2251_26927_28988.wav	1.0
G:\RP\timitsplit\unvoiced\t_ax-h_pcl_p_FSMA0_SX271_15110_18430.wav	0.5
G:\RP\timitsplit\unvoiced\kcl_k_q_FSMA0_SX451_7860_11538.wav	1.0
G:\RP\timitsplit\unvoiced\s_kcl_k_FSMM0_SI1944_8520_11480.wav	0.0
G:\RP\timitsplit\unvoiced\s_FSMM0_SX234_43308_60880.wav	1.0
G:\RP\timitsplit\unvoiced\s_t_FSMM0_SX414_48044_54880.wav	0.5
G:\RP\timitsplit\unvoiced\k_s_gcl_FSMS1_SX244_39620_42360.wav	1.0
G:\RP\timitsplit\unvoiced\kcl_k_FSMS1_SX347_30209_32230.wav	1.0
G:\RP\timitsplit\unvoiced\th_kcl_k_FSPM0_SI1241_27070_30997.wav	0.3333333333333333
G:\RP\timitsplit\unvoiced\t_FSPM0_SI1871_36280_39680.wav	1.0
G:\RP\timitsplit\unvoiced\th_FSPM0_SI611_26861_28532.wav	1.0
G:\RP\timitsplit\unvoiced\s_t_FSPM0_SX161_45960_48403.wav	0.5
G:\RP\timitsplit\unvoiced\pcl_p_FSPM0_SX341_14440_16760.wav	0.5
G:\RP\timitsplit\unvoiced\th_dcl_FSPM0_SX431_6520_8840.wav	1.0
G:\RP\timitsplit\unvoiced\s_FSPM0_SX71_21080_23480.wav	1.0
G:\RP\timitsplit\unvoiced\pcl_f_FSRH0_SI671_6592_8746.wav	1.0
G:\RP\timitsplit\unvoiced\t_FSRH0_SX131_36373_39680.wav	1.0
G:\RP\timitsplit\unvoiced\kcl_t_FSRH0_SX311_59960_64879.wav	0.5
G:\RP\timitsplit\unvoiced\kcl_k_s_FSRH0_SX401_7120_9578.wav	1.0
G:\RP\timitsplit\unvoiced\f_q_FSSB0_SI1082_37720_42188.wav	1.0
G:\RP\timitsplit\unvoiced\s_t_FSSB0_SI1712_23080_26110.wav	0.5
G:\RP\timitsplit\unvoiced\kcl_FSSB0_SX182_4450_7420.wav	1.0
G:\RP\timitsplit\unvoiced\th_s_FTAJ0_SI1329_13408_16600.wav	0.5
G:\RP\timitsplit\unvoiced\s_t_FTAJ0_SX429_10840_13800.wav	0.5
G:\RP\timitsplit\unvoiced\f_FTBR0_SI1402_67160_71920.wav	1.0
G:\RP\timitsplit\unvoiced\s_FTBR0_SI921_62665_66560.wav	1.0
G:\RP\timitsplit\unvoiced\s_FTBW0_SI715_67850_73360.wav	2.0
G:\RP\timitsplit\unvoiced\kcl_s_FTBW0_SX175_63160_68640.wav	1.5
G:\RP\timitsplit\unvoiced\s_t_FTBW0_SX265_35630_38224.wav	1.0
G:\RP\timitsplit\unvoiced\s_FTBW0_SX445_9483_11582.wav	1.0
G:\RP\timitsplit\unvoiced\kcl_k_FTBW0_SX85_21096_23120.wav	1.0
G:\RP\timitsplit\unvoiced\s_FTLG0_SI1743_30788_36428.wav	0.0
G:\RP\timitsplit\unvoiced\f_FTLG0_SX303_13000_15373.wav	1.0
G:\RP\timitsplit\unvoiced\sh_FTLG0_SX393_2280_4680.wav	1.0
G:\RP\timitsplit\unvoiced\s_FTMG0_SI1532_20100_26880.wav	1.0
G:\RP\timitsplit\unvoiced\kcl_FTMG0_SX182_5720_8638.wav	1.0
G:\RP\timitsplit\unvoiced\s_FVFB0_SX132_5430_7229.wav	1.0
G:\RP\timitsplit\unvoiced\s_t_FVFB0_SX312_52409_60640.wav	0.5
G:\RP\timitsplit\unvoiced\kcl_k_FVFB0_SX402_31320_36480.wav	1.0
G:\RP\timitsplit\unvoiced\s_FVKB0_SI1159_23160_25190.wav	1.0
G:\RP\timitsplit\unvoiced\kcl_k_hh_FVKB0_SI1789_20280_22840.wav	0.6666666666666666
G:\RP\timitsplit\unvoiced\kcl_k_s_pcl_p_FVKB0_SX169_33480_36600.wav	0.6
G:\RP\timitsplit\unvoiced\s_kcl_k_FVKB0_SX349_16200_18966.wav	0.3333333333333333
G:\RP\timitsplit\unvoiced\q_s_t_FVKB0_SX439_4052_7400.wav	0.6666666666666666
G:\RP\timitsplit\unvoiced\q_FVKB0_SX79_37932_44480.wav	4.0
G:\RP\timitsplit\unvoiced\f_FVMH0_SI2096_29243_30510.wav	1.0
G:\RP\timitsplit\unvoiced\bcl_f_MDLC0_SX315_5085_8000.wav	1.0
G:\RP\timitsplit\unvoiced\bcl_f_MHBS0_SX315_4400_6900.wav	1.0
G:\RP\timitsplit\unvoiced\bcl_f_MJRH0_SX315_5160_7800.wav	1.0
G:\RP\timitsplit\unvoiced\dcl_ch_MJRP0_SX315_37240_42800.wav	0.5
G:\RP\timitsplit\unvoiced\kcl_k_MMGC0_SX315_13159_15415.wav	1.0
G:\RP\timitsplit\unvoiced\bcl_f_MTXS0_SX340_14379_18290.wav	0.5
G:\RP\timitsplit\unvoiced\s_MRGM0_SX442_49920_52360.wav	1.0
G:\RP\timitsplit\unvoiced\bcl_k_FHLM0_SX120_25775_28240.wav	0.5
G:\RP\timitsplit\unvoiced\s_MDLB0_SI1306_69480_78019.wav	1.0
G:\RP\timitsplit\unvoiced\bcl_k_MDTB0_SX120_18040_20219.wav	1.0
G:\RP\timitsplit\unvoiced\s_MRJB1_SX120_60060_65120.wav	0.0
G:\RP\timitsplit\unvoiced\bcl_k_MRMS0_SX120_15080_17520.wav	1.0
G:\RP\timitsplit\unvoiced\bcl_k_MTAT0_SX120_17320_19640.wav	0.5
G:\RP\timitsplit\unvoiced\s_kcl_k_MABC0_SI781_38760_41576.wav	0.6666666666666666
G:\RP\timitsplit\unvoiced\t_s_MABC0_SX151_35650_48960.wav	1.0
G:\RP\timitsplit\unvoiced\hh_MABC0_SX241_16120_17710.wav	1.0
G:\RP\timitsplit\unvoiced\dcl_t_ax-h_ch_MABC0_SX331_13401_17150.wav	0.75
G:\RP\timitsplit\unvoiced\sh_ch_MABC0_SX421_28190_30940.wav	1.0
G:\RP\timitsplit\unvoiced\s_t_MADC0_SI1367_61781_64985.wav	0.5
G:\RP\timitsplit\unvoiced\kcl_s_MADC0_SI1997_29720_50720.wav	0.5
G:\RP\timitsplit\unvoiced\s_t_t_MADC0_SI737_33319_40630.wav	0.6666666666666666
G:\RP\timitsplit\unvoiced\pcl_p_MADC0_SX287_19080_21347.wav	1.0
G:\RP\timitsplit\unvoiced\th_bcl_MADD0_SI1798_7640_9640.wav	1.0
G:\RP\timitsplit\unvoiced\kcl_t_ax-h_kcl_k_MADD0_SX88_25640_29080.wav	0.6
G:\RP\timitsplit\unvoiced\kcl_sh_MAEB0_SI1411_59960_62888.wav	1.0
G:\RP\timitsplit\unvoiced\s_MAEB0_SX270_35650_40880.wav	1.0
G:\RP\timitsplit\unvoiced\kcl_k_MAEO0_SI1326_25880_28565.wav	0.0
G:\RP\timitsplit\unvoiced\sh_f_dcl_MAEO0_SX336_26510_29783.wav	1.0
G:\RP\timitsplit\unvoiced\pcl_p_MAFM0_SI939_17160_19300.wav	1.0
G:\RP\timitsplit\unvoiced\kcl_k_s_MAFM0_SX309_38600_48240.wav	0.0
G:\RP\timitsplit\unvoiced\s_MAFM0_SX399_5220_6950.wav	1.0
G:\RP\timitsplit\unvoiced\sh_MAFM0_SX39_26940_28640.wav	1.0
G:\RP\timitsplit\unvoiced\s_MAJP0_SI2334_10064_12571.wav	1.0
G:\RP\timitsplit\unvoiced\f_MAJP0_SX264_46592_52240.wav	1.0
G:\RP\timitsplit\unvoiced\f_MAKB0_SI1646_31450_33410.wav	1.0
G:\RP\timitsplit\unvoiced\s_pcl_p_MAKB0_SI2276_4952_8240.wav	0.0
G:\RP\timitsplit\unvoiced\bcl_MAKR0_SX182_24120_28080.wav	1.0
G:\RP\timitsplit\unvoiced\f_MAPV0_SX303_12360_14872.wav	1.0
G:\RP\timitsplit\unvoiced\s_q_MAPV0_SX393_23960_26778.wav	1.0
G:\RP\timitsplit\unvoiced\s_MARC0_SI1188_16793_22880.wav	0.0
G:\RP\timitsplit\unvoiced\dcl_f_ax-h_t_MARC0_SX108_17320_21806.wav	0.75
G:\RP\timitsplit\unvoiced\sh_f_MARC0_SX288_4420_6781.wav	1.0
G:\RP\timitsplit\unvoiced\s_kcl_k_MARW0_SX349_7080_9720.wav	0.0
G:\RP\timitsplit\unvoiced\kcl_k_MARW0_SX376_33720_36344.wav	1.0
G:\RP\timitsplit\unvoiced\kcl_k_MBAR0_SI689_47400_49749.wav	0.0
G:\RP\timitsplit\unvoiced\s_pcl_p_MBAR0_SX329_40938_44234.wav	1.0
G:\RP\timitsplit\unvoiced\s_pcl_p_MBBR0_SI1055_18060_20710.wav	0.6666666666666666
G:\RP\timitsplit\unvoiced\pcl_f_MBBR0_SI1685_29080_31610.wav	1.0
G:\RP\timitsplit\unvoiced\t_s_MBCG0_SX327_65309_69840.wav	0.5
G:\RP\timitsplit\unvoiced\s_kcl_k_MBCG0_SX417_30537_33570.wav	0.6666666666666666
G:\RP\timitsplit\unvoiced\kcl_k_MBEF0_SI1281_12520_14280.wav	1.0
G:\RP\timitsplit\unvoiced\s_MBEF0_SI1911_32360_37520.wav	0.0
G:\RP\timitsplit\unvoiced\sh_ax-h_f_MBGT0_SI1841_2450_5848.wav	1.3333333333333333
G:\RP\timitsplit\unvoiced\kcl_t_hh_MBGT0_SX351_25000_27090.wav	1.0
G:\RP\timitsplit\unvoiced\s_MBGT0_SX441_24556_27200.wav	0.0
G:\RP\timitsplit\unvoiced\s_MBGT0_SX81_38210_40421.wav	0.0
G:\RP\timitsplit\unvoiced\s_MBJV0_SX347_13080_15080.wav	0.0
G:\RP\timitsplit\unvoiced\s_MBJV0_SX77_33755_38560.wav	1.0
G:\RP\timitsplit\unvoiced\bcl_MBMA0_SX232_50040_53440.wav	2.0
G:\RP\timitsplit\unvoiced\f_t_MBMA0_SX322_36360_41600.wav	1.0
G:\RP\timitsplit\unvoiced\pcl_p_MBMA0_SX412_6809_8647.wav	1.0
G:\RP\timitsplit\unvoiced\f_MBMA1_SI954_2327_4610.wav	1.0
G:\RP\timitsplit\unvoiced\s_ax-h_s_MBMA1_SX234_36287_44480.wav	0.3333333333333333
G:\RP\timitsplit\unvoiced\kcl_k_f_ax-h_s_t_MBMA1_SX414_38040_47040.wav	0.3333333333333333
G:\RP\timitsplit\unvoiced\s_MBML0_SX359_27000_29560.wav	1.0
G:\RP\timitsplit\unvoiced\dcl_f_MBOM0_SI1014_19320_21681.wav	1.0
G:\RP\timitsplit\unvoiced\kcl_k_MBOM0_SX204_8520_10120.wav	1.0
G:\RP\timitsplit\unvoiced\kcl_MBOM0_SX311_54760_57200.wav	1.0
G:\RP\timitsplit\unvoiced\f_MBSB0_SI723_33950_36000.wav	1.0
G:\RP\timitsplit\unvoiced\pcl_MBSB0_SX273_26360_28400.wav	1.0
G:\RP\timitsplit\unvoiced\s_t_MBSB0_SX363_32083_36960.wav	0.5
G:\RP\timitsplit\unvoiced\kcl_k_s_MBTH0_SI505_38851_46388.wav	0.0
G:\RP\timitsplit\unvoiced\t_s_MBTH0_SX302_40100_45280.wav	0.5
G:\RP\timitsplit\unvoiced\kcl_k_s_pcl_p_MBWP0_SX169_36600_39640.wav	0.6
G:\RP\timitsplit\unvoiced\s_kcl_k_MBWP0_SX349_7320_10390.wav	0.0
G:\RP\timitsplit\unvoiced\t_MBWP0_SX79_42370_52560.wav	1.0
G:\RP\timitsplit\unvoiced\t_MCAE0_SI2077_54550_56520.wav	1.0
G:\RP\timitsplit\unvoiced\s_MCAL0_SI1138_61480_65518.wav	0.0
G:\RP\timitsplit\unvoiced\kcl_t_MCAL0_SX238_7060_9480.wav	1.0
G:\RP\timitsplit\unvoiced\s_th_MCAL0_SX418_9080_13400.wav	0.5
G:\RP\timitsplit\unvoiced\q_f_MCDC0_SI1922_18400_20610.wav	1.0
G:\RP\timitsplit\unvoiced\s_kcl_k_MCDC0_SI662_26520_29330.wav	0.3333333333333333
G:\RP\timitsplit\unvoiced\s_MCDC0_SX302_27880_31090.wav	1.0
G:\RP\timitsplit\unvoiced\gcl_MCDD0_SI2143_37397_43920.wav	1.0
G:\RP\timitsplit\unvoiced\s_ax-h_t_MCDD0_SI883_22040_26030.wav	1.0
G:\RP\timitsplit\unvoiced\dcl_ch_MCDD0_SX343_9349_11430.wav	1.0
G:\RP\timitsplit\unvoiced\dcl_MCDR0_SI524_72685_76320.wav	2.0
G:\RP\timitsplit\unvoiced\s_t_MCDR0_SX434_5463_8852.wav	1.0
G:\RP\timitsplit\unvoiced\ch_kcl_k_MCEF0_SX145_6890_10170.wav	0.3333333333333333
G:\RP\timitsplit\unvoiced\f_MCEF0_SX325_3560_6030.wav	1.0
G:\RP\timitsplit\unvoiced\t_MCEF0_SX415_22770_23630.wav	1.0
G:\RP\timitsplit\unvoiced\s_MCEW0_SI2072_55748_67200.wav	0.0
G:\RP\timitsplit\unvoiced\kcl_k_MCEW0_SI812_34796_37810.wav	1.0
G:\RP\timitsplit\unvoiced\bcl_MCEW0_SX182_29098_45680.wav	2.0
G:\RP\timitsplit\unvoiced\dcl_MCHL0_SX87_33189_38080.wav	1.0
G:\RP\timitsplit\unvoiced\s_MCLK0_SI2290_61940_65760.wav	1.0
G:\RP\timitsplit\unvoiced\t_pcl_p_MCLK0_SI650_49946_52580.wav	1.0
G:\RP\timitsplit\unvoiced\s_t_MCLK0_SX130_28908_39920.wav	1.0
G:\RP\timitsplit\unvoiced\kcl_k_s_MCLK0_SX400_37480_42320.wav	0.0
G:\RP\timitsplit\unvoiced\kcl_sh_MCLM0_SI1456_29464_31480.wav	1.0
G:\RP\timitsplit\unvoiced\hh_MCLM0_SI2086_37280_43840.wav	1.0
G:\RP\timitsplit\unvoiced\kcl_k_MCLM0_SX376_13880_15230.wav	1.0
G:\RP\timitsplit\unvoiced\f_hh_MCPM0_SI1194_27178_29242.wav	1.0
G:\RP\timitsplit\unvoiced\s_MCPM0_SI564_56984_61280.wav	0.0
G:\RP\timitsplit\unvoiced\kcl_k_MCPM0_SX204_11199_13480.wav	1.0
G:\RP\timitsplit\unvoiced\pcl_p_MCRE0_SX131_4440_7000.wav	1.0
G:\RP\timitsplit\unvoiced\kcl_MCRE0_SX401_17960_20010.wav	1.0
G:\RP\timitsplit\unvoiced\kcl_k_MCSS0_SX120_3000_5720.wav	0.5
G:\RP\timitsplit\unvoiced\dcl_sh_MCSS0_SX300_16584_19759.wav	1.0
G:\RP\timitsplit\unvoiced\s_MCTH0_SI1209_50600_56080.wav	0.0
G:\RP\timitsplit\unvoiced\kcl_k_s_MCTH0_SX309_43720_50720.wav	0.0
G:\RP\timitsplit\unvoiced\s_MCTH0_SX399_4760_7000.wav	1.0
G:\RP\timitsplit\unvoiced\dcl_MCTH0_SX39_11362_13640.wav	1.0
G:\RP\timitsplit\unvoiced\f_MCTM0_SI1980_62280_66960.wav	1.0
G:\RP\timitsplit\unvoiced\s_MCTM0_SX270_30869_36080.wav	0.0
G:\RP\timitsplit\unvoiced\sh_MCXM0_SI1981_58680_62800.wav	0.0
G:\RP\timitsplit\unvoiced\s_t_MCXM0_SI721_3796_7150.wav	0.5
G:\RP\timitsplit\unvoiced\t_ax-h_pcl_p_MCXM0_SX271_12710_15500.wav	0.75
G:\RP\timitsplit\unvoiced\s_ax-h_pcl_p_MDAC0_SI1837_22642_26360.wav	0.25
G:\RP\timitsplit\unvoiced\t_ax-h_pcl_p_MDAC0_SX271_12200_15400.wav	0.75
G:\RP\timitsplit\unvoiced\s_MDAS0_SI1266_18840_20595.wav	1.0
G:\RP\timitsplit\unvoiced\kcl_t_MDAS0_SI636_61439_65360.wav	0.5
G:\RP\timitsplit\unvoiced\pcl_p_MDAS0_SX186_17400_19342.wav	1.0
G:\RP\timitsplit\unvoiced\pcl_p_MDAS0_SX276_14600_16600.wav	1.0
G:\RP\timitsplit\unvoiced\pcl_p_MDBB1_SI2056_25650_27760.wav	1.0
G:\RP\timitsplit\unvoiced\kcl_k_MDBB1_SX376_20218_22160.wav	1.0
G:\RP\timitsplit\unvoiced\kcl_MDBP0_SX168_18798_21389.wav	1.0
G:\RP\timitsplit\unvoiced\kcl_k_s_q_MDBP0_SX258_28240_31080.wav	0.25
G:\RP\timitsplit\unvoiced\kcl_p_MDBP0_SX348_27720_31320.wav	0.5
G:\RP\timitsplit\unvoiced\sh_kcl_k_MDBP0_SX78_10280_13080.wav	0.3333333333333333
G:\RP\timitsplit\unvoiced\th_MDCD0_SI785_3430_5450.wav	1.0
G:\RP\timitsplit\unvoiced\t_s_MDCM0_SI1480_65334_70144.wav	0.5
G:\RP\timitsplit\unvoiced\s_MDCM0_SX130_31877_41575.wav	2.0
G:\RP\timitsplit\unvoiced\kcl_k_s_MDCM0_SX400_37054_43623.wav	0.0
G:\RP\timitsplit\unvoiced\pcl_p_MDDC0_SI789_19400_22100.wav	1.0
G:\RP\timitsplit\unvoiced\th_pcl_p_MDDC0_SX429_8280_11738.wav	1.0
G:\RP\timitsplit\unvoiced\q_MDED0_SI1800_19467_22280.wav	1.0
G:\RP\timitsplit\unvoiced\s_MDED0_SX270_37138_41600.wav	0.0
G:\RP\timitsplit\unvoiced\f_MDEF0_SI2193_33000_38320.wav	1.0
G:\RP\timitsplit\unvoiced\f_MDEF0_SX303_10040_11850.wav	1.0
G:\RP\timitsplit\unvoiced\sh_MDEF0_SX393_2410_3950.wav	1.0
G:\RP\timitsplit\unvoiced\kcl_k_MDEM0_SI1868_36398_42080.wav	1.0
G:\RP\timitsplit\unvoiced\s_ax-h_bcl_MDEM0_SI608_10120_13179.wav	0.3333333333333333
G:\RP\timitsplit\unvoiced\s_MDHL0_SI1439_2170_5540.wav	1.0
G:\RP\timitsplit\unvoiced\s_MDHL0_SX359_24810_27120.wav	1.0
G:\RP\timitsplit\unvoiced\s_MDHS0_SX270_30920_35760.wav	0.0
G:\RP\timitsplit\unvoiced\t_s_MDJM0_SI2085_33920_39470.wav	1.0
G:\RP\timitsplit\unvoiced\t_MDJM0_SI825_45810_49040.wav	1.0
G:\RP\timitsplit\unvoiced\sh_MDKS0_SI2326_23394_25778.wav	1.0
G:\RP\timitsplit\unvoiced\s_f_MDKS0_SX346_46300_49930.wav	1.0
G:\RP\timitsplit\unvoiced\s_MDKS0_SX436_6280_9230.wav	1.0
G:\RP\timitsplit\unvoiced\kcl_k_s_MDKS0_SX76_51800_62080.wav	0.3333333333333333
G:\RP\timitsplit\unvoiced\gcl_t_MDLB0_SX406_54600_60200.wav	1.5
G:\RP\timitsplit\unvoiced\gcl_f_MDLC0_SX135_41400_44927.wav	2.0
G:\RP\timitsplit\unvoiced\kcl_k_s_MDLC1_SX175_57320_63120.wav	0.6666666666666666
G:\RP\timitsplit\unvoiced\s_t_MDLC1_SX265_37960_40170.wav	0.5
G:\RP\timitsplit\unvoiced\s_MDLC1_SX445_7780_9475.wav	1.0
G:\RP\timitsplit\unvoiced\s_MDLC1_SX85_2200_4140.wav	1.0
G:\RP\timitsplit\unvoiced\s_kcl_k_MDLC2_SI1614_3160_6780.wav	0.3333333333333333
G:\RP\timitsplit\unvoiced\kcl_k_s_MDLC2_SI2244_16120_24000.wav	0.0
G:\RP\timitsplit\unvoiced\kcl_k_MDLC2_SI984_27920_30490.wav	0.5
G:\RP\timitsplit\unvoiced\f_MDLC2_SX264_37514_43040.wav	1.0
G:\RP\timitsplit\unvoiced\s_hh_MDLH0_SI574_13130_16041.wav	1.0
G:\RP\timitsplit\unvoiced\s_MDLH0_SX160_62473_70000.wav	1.0
G:\RP\timitsplit\unvoiced\kcl_s_MDLH0_SX340_4386_7249.wav	1.0
G:\RP\timitsplit\unvoiced\s_MDLM0_SI1234_38140_54240.wav	2.0
G:\RP\timitsplit\unvoiced\k_s_gcl_MDLM0_SX244_29242_31560.wav	1.0
G:\RP\timitsplit\unvoiced\q_MDLR0_SI603_25315_27321.wav	0.0
G:\RP\timitsplit\unvoiced\s_s_MDLR0_SX153_50280_55840.wav	1.0
G:\RP\timitsplit\unvoiced\s_MDLR0_SX243_21932_23960.wav	1.0
G:\RP\timitsplit\unvoiced\sh_MDLR0_SX333_62680_66800.wav	1.0
G:\RP\timitsplit\unvoiced\sh_t_MDLR0_SX423_45800_48755.wav	1.0
G:\RP\timitsplit\unvoiced\f_MDLR1_SI1299_11800_13983.wav	1.0
G:\RP\timitsplit\unvoiced\s_MDLR1_SX399_4920_7565.wav	0.0
G:\RP\timitsplit\unvoiced\s_MDLR1_SX39_17240_19718.wav	1.0
G:\RP\timitsplit\unvoiced\f_MDMA0_SX260_43800_46150.wav	1.0
G:\RP\timitsplit\unvoiced\bcl_MDMT0_SI1832_12200_13480.wav	1.0
G:\RP\timitsplit\unvoiced\s_MDMT0_SI572_28440_35880.wav	2.0
G:\RP\timitsplit\unvoiced\s_MDMT0_SX302_29800_33080.wav	1.0
G:\RP\timitsplit\unvoiced\s_MDNS0_SI1011_76916_81600.wav	0.0
G:\RP\timitsplit\unvoiced\kcl_k_MDNS0_SI873_16406_18930.wav	1.0
G:\RP\timitsplit\unvoiced\s_kcl_k_MDPB0_SI2126_46120_52080.wav	0.0
G:\RP\timitsplit\unvoiced\s_MDPB0_SI866_67550_72320.wav	0.0
G:\RP\timitsplit\unvoiced\s_t_MDPK0_SX153_42073_46960.wav	0.5
G:\RP\timitsplit\unvoiced\s_MDPK0_SX243_19412_20970.wav	1.0
G:\RP\timitsplit\unvoiced\sh_MDPK0_SX333_51360_55600.wav	1.0
G:\RP\timitsplit\unvoiced\s_MDPK0_SX423_23853_26226.wav	1.0
G:\RP\timitsplit\unvoiced\f_MDPS0_SI1979_9205_10599.wav	1.0
G:\RP\timitsplit\unvoiced\s_MDPS0_SX179_31481_34107.wav	1.0
G:\RP\timitsplit\unvoiced\s_t_MDPS0_SX359_6760_8780.wav	1.0
G:\RP\timitsplit\unvoiced\dcl_s_MDRD0_SI1382_34600_41120.wav	0.5
G:\RP\timitsplit\unvoiced\s_MDRD0_SX302_44020_48720.wav	1.0
G:\RP\timitsplit\unvoiced\sh_MDSJ0_SI2092_9553_12005.wav	1.0
G:\RP\timitsplit\unvoiced\dcl_s_MDSJ0_SX112_37880_44960.wav	0.5
G:\RP\timitsplit\unvoiced\pcl_p_MDSJ0_SX382_7979_10420.wav	1.0
G:\RP\timitsplit\unvoiced\kcl_k_MDSJ0_SX438_11240_14420.wav	1.0
G:\RP\timitsplit\unvoiced\kcl_k_MDSS0_SI621_24120_27000.wav	1.0
G:\RP\timitsplit\unvoiced\kcl_t_hh_MDSS0_SX351_17796_20135.wav	1.0
G:\RP\timitsplit\unvoiced\kcl_f_MDSS0_SX441_14621_16840.wav	1.0
G:\RP\timitsplit\unvoiced\s_MDSS0_SX81_26840_29033.wav	1.0
G:\RP\timitsplit\unvoiced\kcl_k_MDSS1_SI1327_47960_49620.wav	1.0
G:\RP\timitsplit\unvoiced\sh_t_MDSS1_SX247_21560_24710.wav	1.0
G:\RP\timitsplit\unvoiced\s_kcl_k_MDSS1_SX337_23300_25950.wav	0.0
G:\RP\timitsplit\unvoiced\kcl_k_MDSS1_SX427_7640_9650.wav	0.5
G:\RP\timitsplit\unvoiced\s_t_MDTB0_SI1200_15800_18280.wav	0.5
G:\RP\timitsplit\unvoiced\kcl_k_MDTB0_SI1830_20440_21720.wav	1.0
G:\RP\timitsplit\unvoiced\f_t_MDTB0_SI570_18840_21138.wav	1.0
G:\RP\timitsplit\unvoiced\pcl_p_kcl_k_MDTB0_SX300_21320_24062.wav	0.75
G:\RP\timitsplit\unvoiced\gcl_k_MDTB0_SX321_9691_12950.wav	0.5
G:\RP\timitsplit\unvoiced\kcl_k_MDWD0_SI1260_63640_70320.wav	1.0
G:\RP\timitsplit\unvoiced\s_hh_MDWD0_SI1890_25400_29320.wav	0.0
G:\RP\timitsplit\unvoiced\s_MDWD0_SX270_29720_35600.wav	0.0
G:\RP\timitsplit\unvoiced\q_MDWH0_SI1925_29546_36080.wav	1.0
G:\RP\timitsplit\unvoiced\s_MDWH0_SX35_38457_44080.wav	0.0
G:\RP\timitsplit\unvoiced\t_s_ch_MDWM0_SI916_36280_41619.wav	1.0
G:\RP\timitsplit\unvoiced\kcl_k_MDWM0_SX376_19859_21670.wav	1.0
G:\RP\timitsplit\unvoiced\kcl_k_MEAL0_SX287_22182_24740.wav	0.5
G:\RP\timitsplit\unvoiced\pcl_p_MEAL0_SX347_2720_4610.wav	1.0
G:\RP\timitsplit\unvoiced\s_MEDR0_SI1374_3459_5221.wav	1.0
G:\RP\timitsplit\unvoiced\kcl_k_MEDR0_SX204_9240_11040.wav	1.0
G:\RP\timitsplit\unvoiced\kcl_k_s_t_MEFG0_SI465_21240_25560.wav	0.5
G:\RP\timitsplit\unvoiced\s_f_MEGJ0_SI1337_73970_82320.wav	0.5
G:\RP\timitsplit\unvoiced\s_MEGJ0_SX77_48378_52560.wav	1.0
G:\RP\timitsplit\unvoiced\s_pcl_p_MEJL0_SI1592_7040_9210.wav	1.0
G:\RP\timitsplit\unvoiced\f_MEJL0_SI962_5120_7220.wav	1.0
G:\RP\timitsplit\unvoiced\kcl_k_s_t_MEJL0_SX332_40680_47440.wav	0.25
G:\RP\timitsplit\unvoiced\sh_th_MEJL0_SX422_36637_40000.wav	1.0
G:\RP\timitsplit\unvoiced\pcl_p_MEJL0_SX62_30534_32585.wav	1.0
G:\RP\timitsplit\unvoiced\kcl_k_t_MEJS0_SX160_34088_42505.wav	0.3333333333333333
G:\RP\timitsplit\unvoiced\t_MEJS0_SX340_20040_23200.wav	1.0
G:\RP\timitsplit\unvoiced\hh_MESG0_SX162_1960_3190.wav	1.0
G:\RP\timitsplit\unvoiced\kcl_ch_MESG0_SX342_4261_7140.wav	0.5
G:\RP\timitsplit\unvoiced\kcl_t_ax-h_kcl_k_MEWM0_SX88_22760_25781.wav	0.6
G:\RP\timitsplit\unvoiced\bcl_MFER0_SX232_42871_54272.wav	1.0
G:\RP\timitsplit\unvoiced\f_t_MFER0_SX322_28025_34100.wav	1.5
G:\RP\timitsplit\unvoiced\pcl_p_MFER0_SX412_5444_7260.wav	1.0
G:\RP\timitsplit\unvoiced\kcl_k_s_MFMC0_SI1132_50280_57440.wav	0.0
G:\RP\timitsplit\unvoiced\s_MFMC0_SI502_35960_46320.wav	1.0
G:\RP\timitsplit\unvoiced\bcl_MFMC0_SX232_55453_60160.wav	1.0
G:\RP\timitsplit\unvoiced\f_t_MFMC0_SX322_36280_41520.wav	1.0
G:\RP\timitsplit\unvoiced\pcl_p_MFMC0_SX412_7300_9560.wav	1.0
G:\RP\timitsplit\unvoiced\s_MFRM0_SI1155_12520_14280.wav	1.0
G:\RP\timitsplit\unvoiced\kcl_k_MFRM0_SI1717_36520_41120.wav	0.5
G:\RP\timitsplit\unvoiced\s_dcl_MFRM0_SI1785_36920_38892.wav	1.0
G:\RP\timitsplit\unvoiced\th_hh_MFRM0_SX255_27780_29480.wav	1.0
G:\RP\timitsplit\unvoiced\sh_MFRM0_SX435_6520_8920.wav	1.0
G:\RP\timitsplit\unvoiced\f_t_MFWK0_SI1249_33160_35480.wav	1.0
G:\RP\timitsplit\unvoiced\kcl_k_s_pcl_p_MFWK0_SX169_35080_38293.wav	0.8
G:\RP\timitsplit\unvoiced\s_MFWK0_SX349_62920_67840.wav	0.0
G:\RP\timitsplit\unvoiced\s_kcl_k_MFWK0_SX79_12840_15391.wav	1.0
G:\RP\timitsplit\unvoiced\f_kcl_k_MFXS0_SI2304_25800_28400.wav	0.6666666666666666
G:\RP\timitsplit\unvoiced\s_MFXS0_SX234_46720_51360.wav	0.0
G:\RP\timitsplit\unvoiced\s_t_MFXS0_SX414_44390_49200.wav	1.0
G:\RP\timitsplit\unvoiced\s_t_MFXV0_SI1005_5129_7770.wav	0.5
G:\RP\timitsplit\unvoiced\kcl_s_pcl_p_MFXV0_SI1342_30040_33086.wav	1.0
G:\RP\timitsplit\unvoiced\th_MFXV0_SI1635_19640_20970.wav	1.0
G:\RP\timitsplit\unvoiced\kcl_k_MGAF0_SI1282_44760_46482.wav	1.0
G:\RP\timitsplit\unvoiced\s_pcl_p_MGAF0_SI652_16840_19320.wav	1.0
G:\RP\timitsplit\unvoiced\kcl_k_MGAF0_SX112_9880_11400.wav	1.0
G:\RP\timitsplit\unvoiced\f_MGAF0_SX382_21800_24898.wav	1.0
G:\RP\timitsplit\unvoiced\s_MGAG0_SX151_39895_44320.wav	0.0
G:\RP\timitsplit\unvoiced\hh_MGAG0_SX241_20760_22780.wav	1.0
G:\RP\timitsplit\unvoiced\sh_ch_MGAG0_SX421_27825_30940.wav	1.0
G:\RP\timitsplit\unvoiced\th_MGAK0_SI1666_39596_46720.wav	4.0
G:\RP\timitsplit\unvoiced\s_pcl_p_MGAK0_SX406_23480_27160.wav	0.0
G:\RP\timitsplit\unvoiced\pcl_p_MGAR0_SI1212_34120_37013.wav	0.5
G:\RP\timitsplit\unvoiced\s_MGAR0_SI1694_2120_4680.wav	1.0
G:\RP\timitsplit\unvoiced\s_MGAR0_SX132_7400_9608.wav	1.0
G:\RP\timitsplit\unvoiced\s_t_MGAR0_SX312_58280_64480.wav	1.0
G:\RP\timitsplit\unvoiced\kcl_k_MGAR0_SX402_43480_49040.wav	2.5
G:\RP\timitsplit\unvoiced\s_t_MGAR0_SX42_27310_30550.wav	0.5
G:\RP\timitsplit\unvoiced\s_MGAW0_SI1165_66896_70964.wav	0.0
G:\RP\timitsplit\unvoiced\s_MGAW0_SI1802_55691_59840.wav	0.0
G:\RP\timitsplit\unvoiced\gcl_MGAW0_SI535_16040_17480.wav	1.0
G:\RP\timitsplit\unvoiced\s_MGAW0_SX265_18760_21320.wav	1.0
G:\RP\timitsplit\unvoiced\dcl_MGAW0_SX445_30920_33920.wav	2.0
G:\RP\timitsplit\unvoiced\s_MGAW0_SX85_3400_6040.wav	0.0
G:\RP\timitsplit\unvoiced\bcl_MGES0_SI1481_16543_17126.wav	1.0
G:\RP\timitsplit\unvoiced\s_MGES0_SI2111_9524_10921.wav	1.0
G:\RP\timitsplit\unvoiced\pcl_p_MGES0_SX131_20219_21829.wav	1.0
G:\RP\timitsplit\unvoiced\kcl_MGES0_SX311_62727_70452.wav	3.0
G:\RP\timitsplit\unvoiced\f_ax-h_kcl_MGES0_SX401_29147_31846.wav	1.0
G:\RP\timitsplit\unvoiced\kcl_t_ax-h_s_MGJC0_SI1256_32200_37170.wav	0.25
G:\RP\timitsplit\unvoiced\f_MGJC0_SX255_43320_45170.wav	1.0
G:\RP\timitsplit\unvoiced\sh_MGJC0_SX435_57960_61479.wav	1.0
G:\RP\timitsplit\unvoiced\s_MGRL0_SI1497_33890_38080.wav	0.0
G:\RP\timitsplit\unvoiced\t_s_MGRL0_SX327_76940_87680.wav	0.5
G:\RP\timitsplit\unvoiced\t_s_ax-h_f_MGRL0_SX417_25470_29340.wav	0.75
G:\RP\timitsplit\unvoiced\t_s_MGRP0_SI1947_34040_39920.wav	1.0
G:\RP\timitsplit\unvoiced\t_s_MGRP0_SX327_70840_75440.wav	1.0
G:\RP\timitsplit\unvoiced\s_k_MGRP0_SX417_37285_40515.wav	0.5
G:\RP\timitsplit\unvoiced\s_MGSH0_SX186_36614_46000.wav	1.0
G:\RP\timitsplit\unvoiced\pcl_p_MGSH0_SX276_18440_20503.wav	1.0
G:\RP\timitsplit\unvoiced\t_MGSL0_SI797_67000_70240.wav	2.0
G:\RP\timitsplit\unvoiced\f_MGSL0_SX264_40647_45760.wav	1.0
G:\RP\timitsplit\unvoiced\f_MGXP0_SI525_68321_73760.wav	0.0
G:\RP\timitsplit\unvoiced\sh_MHBS0_SI2205_2340_4600.wav	1.0
G:\RP\timitsplit\unvoiced\s_MHBS0_SX135_41880_46000.wav	1.0
G:\RP\timitsplit\unvoiced\f_hh_MHIT0_SI1613_30760_32300.wav	1.0
G:\RP\timitsplit\unvoiced\dcl_s_t_MHIT0_SI983_37676_40730.wav	0.6666666666666666
G:\RP\timitsplit\unvoiced\kcl_k_MHIT0_SX173_7812_10060.wav	0.0
G:\RP\timitsplit\unvoiced\pcl_t_MHJB0_SI1647_27640_30170.wav	0.5
G:\RP\timitsplit\unvoiced\s_t_MHJB0_SI2277_7185_9390.wav	1.0
G:\RP\timitsplit\unvoiced\pcl_p_ax-h_pcl_p_MHJB0_SX117_12120_15620.wav	0.8
G:\RP\timitsplit\unvoiced\s_MHJB0_SX207_10970_12910.wav	1.0
G:\RP\timitsplit\unvoiced\s_MHMG0_SI1995_38470_42640.wav	0.0
G:\RP\timitsplit\unvoiced\s_t_q_MHMG0_SI735_10330_16318.wav	0.6666666666666666
G:\RP\timitsplit\unvoiced\kcl_k_s_MHMR0_SX309_42760_49040.wav	0.0
G:\RP\timitsplit\unvoiced\s_MHMR0_SX399_4520_6680.wav	1.0
G:\RP\timitsplit\unvoiced\sh_MHMR0_SX39_31958_33640.wav	1.0
G:\RP\timitsplit\unvoiced\th_ax-h_pcl_p_MHRM0_SX238_26318_29660.wav	0.75
G:\RP\timitsplit\unvoiced\s_pcl_p_MHRM0_SX418_29010_31790.wav	1.0
G:\RP\timitsplit\unvoiced\t_MHXL0_SI1772_40440_45600.wav	2.0
G:\RP\timitsplit\unvoiced\s_pcl_p_MHXL0_SI612_2422_5973.wav	1.0
G:\RP\timitsplit\unvoiced\s_t_MHXL0_SX242_13960_17378.wav	1.0
G:\RP\timitsplit\unvoiced\kcl_s_MHXL0_SX332_47769_57037.wav	1.5
G:\RP\timitsplit\unvoiced\sh_MHXL0_SX62_34011_36454.wav	1.0
G:\RP\timitsplit\unvoiced\f_MILB0_SI2163_32119_39520.wav	1.0
G:\RP\timitsplit\unvoiced\pcl_p_MILB0_SI807_27480_29520.wav	1.0
G:\RP\timitsplit\unvoiced\pcl_MILB0_SX273_32439_34320.wav	1.0
G:\RP\timitsplit\unvoiced\s_t_MILB0_SX363_36070_41920.wav	1.0
G:\RP\timitsplit\unvoiced\pcl_p_MJAC0_SX341_13720_16626.wav	1.0
G:\RP\timitsplit\unvoiced\s_MJAC0_SX431_44370_52080.wav	1.0
G:\RP\timitsplit\unvoiced\f_MJAE0_SI1524_46600_51840.wav	1.0
G:\RP\timitsplit\unvoiced\f_MJAE0_SX264_38600_45760.wav	2.0
G:\RP\timitsplit\unvoiced\k_MJAI0_SI1604_29060_30270.wav	1.0
G:\RP\timitsplit\unvoiced\kcl_k_MJAI0_SI682_49600_51650.wav	1.0
G:\RP\timitsplit\unvoiced\kcl_s_MJBG0_SI1232_25357_28760.wav	0.5
G:\RP\timitsplit\unvoiced\s_MJBG0_SI1862_35320_41760.wav	0.0
G:\RP\timitsplit\unvoiced\s_t_MJBG0_SX242_15000_17800.wav	0.5
G:\RP\timitsplit\unvoiced\kcl_k_s_t_MJBG0_SX332_52840_60400.wav	0.25
G:\RP\timitsplit\unvoiced\sh_MJBG0_SX62_36520_38520.wav	1.0
G:\RP\timitsplit\unvoiced\t_sh_MJDA0_SI1031_4620_6190.wav	1.0
G:\RP\timitsplit\unvoiced\pcl_p_MJDA0_SI2291_11400_13120.wav	1.0
G:\RP\timitsplit\unvoiced\pcl_p_MJDA0_SX131_3960_5690.wav	1.0
G:\RP\timitsplit\unvoiced\kcl_t_MJDA0_SX311_51056_55760.wav	1.0
G:\RP\timitsplit\unvoiced\s_MJDC0_SI1161_30040_36640.wav	1.0
G:\RP\timitsplit\unvoiced\kcl_t_hh_MJDC0_SX351_18200_20040.wav	1.0
G:\RP\timitsplit\unvoiced\kcl_f_MJDC0_SX441_7603_9560.wav	1.0
G:\RP\timitsplit\unvoiced\s_bcl_MJDC0_SX81_9320_11368.wav	1.0
G:\RP\timitsplit\unvoiced\s_kcl_k_MJDE0_SI490_39480_43197.wav	0.0
G:\RP\timitsplit\unvoiced\s_t_MJDE0_SX130_46360_52880.wav	0.5
G:\RP\timitsplit\unvoiced\kcl_k_s_MJDE0_SX400_51560_59120.wav	0.3333333333333333
G:\RP\timitsplit\unvoiced\kcl_k_MJDG0_SI1042_40440_44480.wav	0.5
G:\RP\timitsplit\unvoiced\s_MJDG0_SI1705_30131_35760.wav	0.0
G:\RP\timitsplit\unvoiced\s_t_MJDG0_SX232_18464_21570.wav	0.5
G:\RP\timitsplit\unvoiced\f_t_MJDG0_SX322_30760_36400.wav	1.5
G:\RP\timitsplit\unvoiced\pcl_p_MJDG0_SX412_6751_8670.wav	1.0
G:\RP\timitsplit\unvoiced\s_pcl_p_MJDM0_SX350_22240_26801.wav	0.0
G:\RP\timitsplit\unvoiced\s_MJEB1_SI837_72500_79600.wav	1.0
G:\RP\timitsplit\unvoiced\pcl_p_MJEB1_SX117_17400_19340.wav	1.0
G:\RP\timitsplit\unvoiced\s_MJEB1_SX207_14640_17310.wav	1.0
G:\RP\timitsplit\unvoiced\kcl_t_MJEE0_SX247_47880_51080.wav	0.5
G:\RP\timitsplit\unvoiced\s_kcl_k_MJEE0_SX337_30327_33960.wav	0.0
G:\RP\timitsplit\unvoiced\f_t_MJEE0_SX427_34120_36511.wav	1.0
G:\RP\timitsplit\unvoiced\s_kcl_k_MJFH0_SI1737_25800_28920.wav	0.3333333333333333
G:\RP\timitsplit\unvoiced\kcl_t_ax-h_MJFH0_SI477_55480_59520.wav	0.6666666666666666
G:\RP\timitsplit\unvoiced\pcl_p_MJFH0_SX117_14440_16360.wav	1.0
G:\RP\timitsplit\unvoiced\s_MJFH0_SX207_10520_12680.wav	1.0
G:\RP\timitsplit\unvoiced\sh_ch_MJFR0_SI1605_44388_47988.wav	0.5
G:\RP\timitsplit\unvoiced\s_bcl_MJFR0_SI2235_31122_33790.wav	0.5
G:\RP\timitsplit\unvoiced\th_hh_MJFR0_SX255_32279_35440.wav	1.0
G:\RP\timitsplit\unvoiced\s_MJHI0_SI1328_73000_78000.wav	0.0
G:\RP\timitsplit\unvoiced\s_MJHI0_SI698_30690_33590.wav	1.0
G:\RP\timitsplit\unvoiced\kcl_ch_MJJB0_SI1139_51800_54680.wav	0.5
G:\RP\timitsplit\unvoiced\th_MJJJ0_SI533_34214_35885.wav	1.0
G:\RP\timitsplit\unvoiced\kcl_k_MJJJ0_SX173_6934_9190.wav	1.0
G:\RP\timitsplit\unvoiced\th_s_MJJM0_SI1457_24560_27112.wav	1.0
G:\RP\timitsplit\unvoiced\t_s_MJKR0_SI571_18280_28393.wav	1.0
G:\RP\timitsplit\unvoiced\s_pcl_p_MJKR0_SX121_5240_8360.wav	0.3333333333333333
G:\RP\timitsplit\unvoiced\s_pcl_p_MJKR0_SX211_11000_14830.wav	0.0
G:\RP\timitsplit\unvoiced\s_ch_MJKR0_SX301_42680_46706.wav	1.5
G:\RP\timitsplit\unvoiced\dcl_MJKR0_SX31_17800_20413.wav	3.0
G:\RP\timitsplit\unvoiced\dcl_MJLB0_SI1616_55931_58120.wav	1.0
G:\RP\timitsplit\unvoiced\s_MJLB0_SI2246_27390_29229.wav	1.0
G:\RP\timitsplit\unvoiced\dcl_MJLB0_SI986_29388_31420.wav	1.0
G:\RP\timitsplit\unvoiced\s_kcl_k_MJLB0_SX176_21221_25040.wav	0.0
G:\RP\timitsplit\unvoiced\s_MJLB0_SX356_38580_44640.wav	0.0
G:\RP\timitsplit\unvoiced\t_MJLG1_SI2272_60720_64000.wav	1.0
G:\RP\timitsplit\unvoiced\gcl_MJLG1_SX112_4213_6021.wav	1.0
G:\RP\timitsplit\unvoiced\f_MJLG1_SX382_23733_25977.wav	1.0
G:\RP\timitsplit\unvoiced\s_pcl_p_MJLS0_SI1096_24600_28950.wav	0.0
G:\RP\timitsplit\unvoiced\s_t_MJLS0_SI1726_71036_74040.wav	0.5
G:\RP\timitsplit\unvoiced\kcl_k_MJLS0_SX376_21560_23640.wav	1.0
G:\RP\timitsplit\unvoiced\kcl_k_hh_MJMA0_SI2125_9560_11890.wav	0.3333333333333333
G:\RP\timitsplit\unvoiced\kcl_k_s_t_MJMA0_SI865_20520_24360.wav	0.75
G:\RP\timitsplit\unvoiced\ch_kcl_k_MJMA0_SX145_7070_9790.wav	0.6666666666666666
G:\RP\timitsplit\unvoiced\f_MJMA0_SX325_3320_5410.wav	1.0
G:\RP\timitsplit\unvoiced\t_MJMA0_SX415_20310_21300.wav	1.0
G:\RP\timitsplit\unvoiced\s_q_MJMD0_SI2288_43359_49193.wav	1.0
G:\RP\timitsplit\unvoiced\kcl_k_s_MJMM0_SX175_59000_65519.wav	0.0
G:\RP\timitsplit\unvoiced\s_MJMM0_SX85_31440_36640.wav	0.0
G:\RP\timitsplit\unvoiced\s_f_MJPG0_SI1821_52668_55000.wav	0.5
G:\RP\timitsplit\unvoiced\s_MJPG0_SI561_55360_59680.wav	0.0
G:\RP\timitsplit\unvoiced\s_t_MJPM0_SI1368_46680_49290.wav	1.0
G:\RP\timitsplit\unvoiced\f_MJPM0_SI1998_35200_37130.wav	1.0
G:\RP\timitsplit\unvoiced\s_kcl_k_MJPM0_SX108_3843_6480.wav	0.3333333333333333
G:\RP\timitsplit\unvoiced\sh_f_MJPM0_SX288_4804_7530.wav	1.0
G:\RP\timitsplit\unvoiced\pcl_p_s_MJPM1_SI2280_11240_13790.wav	0.3333333333333333
G:\RP\timitsplit\unvoiced\kcl_hh_MJPM1_SI761_38120_40353.wav	1.0
G:\RP\timitsplit\unvoiced\pcl_p_MJPM1_SX131_3880_5320.wav	1.0
G:\RP\timitsplit\unvoiced\kcl_s_kcl_k_MJPM1_SX401_6990_10550.wav	0.5
G:\RP\timitsplit\unvoiced\f_MJRA0_SI1236_37806_45200.wav	1.0
G:\RP\timitsplit\unvoiced\s_kcl_k_MJRA0_SX246_27560_29994.wav	0.3333333333333333
G:\RP\timitsplit\unvoiced\sh_f_MJRA0_SX336_25080_27404.wav	1.0
G:\RP\timitsplit\unvoiced\kcl_k_MJRG0_SX352_2720_4860.wav	0.5
G:\RP\timitsplit\unvoiced\kcl_k_MJRG0_SX376_20480_22590.wav	1.0
G:\RP\timitsplit\unvoiced\pcl_p_MJRH0_SI1125_9960_12440.wav	1.0
G:\RP\timitsplit\unvoiced\f_MJRH0_SX135_40920_42778.wav	1.0
G:\RP\timitsplit\unvoiced\bcl_MJRH1_SI1558_72520_76320.wav	2.0
G:\RP\timitsplit\unvoiced\k_s_gcl_MJRH1_SX244_43348_45880.wav	1.0
G:\RP\timitsplit\unvoiced\dcl_s_t_MJRH1_SX424_31720_35801.wav	0.6666666666666666
G:\RP\timitsplit\unvoiced\s_MJRK0_SI1662_9447_11960.wav	1.0
G:\RP\timitsplit\unvoiced\s_MJRK0_SI2103_4060_6360.wav	1.0
G:\RP\timitsplit\unvoiced\t_s_MJRK0_SX160_54270_60000.wav	1.0
G:\RP\timitsplit\unvoiced\kcl_k_MJRK0_SX250_22520_25100.wav	1.0
G:\RP\timitsplit\unvoiced\s_MJRK0_SX340_39730_45200.wav	0.0
G:\RP\timitsplit\unvoiced\s_t_MJRK0_SX430_51712_55870.wav	0.5
G:\RP\timitsplit\unvoiced\s_t_MJRP0_SI1845_25880_28996.wav	1.0
G:\RP\timitsplit\unvoiced\s_MJRP0_SX135_47326_54400.wav	2.0
G:\RP\timitsplit\unvoiced\s_MJSR0_SI2054_72742_80880.wav	1.0
G:\RP\timitsplit\unvoiced\pcl_p_MJSR0_SI794_35834_38240.wav	1.0
G:\RP\timitsplit\unvoiced\ch_t_MJSR0_SX434_5470_8930.wav	0.5
G:\RP\timitsplit\unvoiced\kcl_k_s_MJWG0_SX175_61640_68320.wav	0.0
G:\RP\timitsplit\unvoiced\dcl_MJWG0_SX265_43160_49680.wav	1.0
G:\RP\timitsplit\unvoiced\s_MJWG0_SX445_7210_9420.wav	1.0
G:\RP\timitsplit\unvoiced\s_t_MJWS0_SI1143_4680_6840.wav	0.5
G:\RP\timitsplit\unvoiced\s_ax-h_pcl_p_MJWS0_SI513_10680_14746.wav	0.25
G:\RP\timitsplit\unvoiced\s_s_MJWS0_SX153_55312_61440.wav	2.0
G:\RP\timitsplit\unvoiced\s_MJWS0_SX243_22182_24146.wav	1.0
G:\RP\timitsplit\unvoiced\sh_MJWS0_SX333_63880_68880.wav	2.0
G:\RP\timitsplit\unvoiced\sh_t_MJWS0_SX423_51205_53757.wav	0.5
G:\RP\timitsplit\unvoiced\sh_MJWT0_SI751_43072_49200.wav	0.0
G:\RP\timitsplit\unvoiced\s_pcl_p_MJWT0_SX121_5880_8410.wav	1.0
G:\RP\timitsplit\unvoiced\s_p_MJWT0_SX211_12040_15390.wav	0.5
G:\RP\timitsplit\unvoiced\s_MJWT0_SX301_52220_57280.wav	0.0
G:\RP\timitsplit\unvoiced\dcl_q_MJWT0_SX31_17640_19881.wav	1.0
G:\RP\timitsplit\unvoiced\pcl_p_MJXA0_SI1507_46440_48480.wav	1.0
G:\RP\timitsplit\unvoiced\sh_t_MJXA0_SX247_23480_26830.wav	1.0
G:\RP\timitsplit\unvoiced\s_kcl_k_MJXA0_SX337_24898_28281.wav	0.0
G:\RP\timitsplit\unvoiced\kcl_k_MJXA0_SX427_5880_8210.wav	1.0
G:\RP\timitsplit\unvoiced\dcl_q_MJXL0_SI1172_21880_25107.wav	1.0
G:\RP\timitsplit\unvoiced\sh_MJXL0_SI542_34600_37000.wav	1.0
G:\RP\timitsplit\unvoiced\bcl_MJXL0_SX182_33480_38080.wav	2.0
G:\RP\timitsplit\unvoiced\pcl_p_s_MKAG0_SI1609_55755_64160.wav	0.0
G:\RP\timitsplit\unvoiced\s_q_MKAG0_SI979_29689_33680.wav	0.5
G:\RP\timitsplit\unvoiced\kcl_s_pcl_p_MKAG0_SX169_33160_36770.wav	0.75
G:\RP\timitsplit\unvoiced\t_MKAG0_SX79_43710_48240.wav	2.0
G:\RP\timitsplit\unvoiced\t_ax-h_s_MKAH0_SX88_43170_45810.wav	0.6666666666666666
G:\RP\timitsplit\unvoiced\kcl_t_MKAJ0_SI784_20520_24572.wav	1.0
G:\RP\timitsplit\unvoiced\kcl_k_MKAJ0_SX244_14200_15990.wav	1.0
G:\RP\timitsplit\unvoiced\s_MKAM0_SI1250_8182_10986.wav	1.0
G:\RP\timitsplit\unvoiced\s_pcl_p_MKAM0_SI1316_7927_10694.wav	0.6666666666666666
G:\RP\timitsplit\unvoiced\dcl_MKDB0_SI588_11000_13250.wav	1.0
G:\RP\timitsplit\unvoiced\s_t_MKDB0_SI872_33560_36210.wav	0.5
G:\RP\timitsplit\unvoiced\s_t_MKDB0_SX242_12200_14890.wav	1.0
G:\RP\timitsplit\unvoiced\kcl_k_s_t_MKDB0_SX332_43320_51360.wav	0.25
G:\RP\timitsplit\unvoiced\dcl_MKDB0_SX62_40240_43840.wav	1.0
G:\RP\timitsplit\unvoiced\kcl_k_s_MKDD0_SI2197_65443_71520.wav	0.0
G:\RP\timitsplit\unvoiced\s_t_MKDT0_SI814_57720_60190.wav	0.5
G:\RP\timitsplit\unvoiced\f_kcl_k_MKDT0_SI893_15240_19230.wav	0.6666666666666666
G:\RP\timitsplit\unvoiced\dcl_MKDT0_SX173_57640_61280.wav	3.0
G:\RP\timitsplit\unvoiced\kcl_k_MKES0_SX173_6520_8856.wav	0.0
G:\RP\timitsplit\unvoiced\t_s_MKJO0_SX77_32967_37680.wav	0.5
G:\RP\timitsplit\unvoiced\f_MKLN0_SI1598_3240_6510.wav	1.0
G:\RP\timitsplit\unvoiced\s_ax-h_pcl_p_MKLN0_SI2228_2330_5720.wav	0.25
G:\RP\timitsplit\unvoiced\sh_MKLR0_SI1059_29010_31752.wav	1.0
G:\RP\timitsplit\unvoiced\s_kcl_k_MKLR0_SX429_18046_22340.wav	0.0
G:\RP\timitsplit\unvoiced\f_t_hh_MKLS0_SI2067_40520_51100.wav	0.6666666666666666
G:\RP\timitsplit\unvoiced\pcl_MKLS0_SX87_23722_25790.wav	1.0
G:\RP\timitsplit\unvoiced\dcl_p_MKLS1_SI915_33680_36320.wav	0.5
G:\RP\timitsplit\unvoiced\kcl_t_MKLW0_SX311_69733_73840.wav	1.0
G:\RP\timitsplit\unvoiced\kcl_s_MKLW0_SX401_7546_9918.wav	1.0
G:\RP\timitsplit\unvoiced\s_MKRG0_SI861_14412_17378.wav	0.0
G:\RP\timitsplit\unvoiced\bcl_MKRG0_SX31_19690_20754.wav	1.0
G:\RP\timitsplit\unvoiced\kcl_k_MKXL0_SI1815_59960_61824.wav	1.0
G:\RP\timitsplit\unvoiced\pcl_p_s_MKXL0_SI1958_13960_16280.wav	1.0
G:\RP\timitsplit\unvoiced\s_MLBC0_SI1239_61150_65280.wav	1.0
G:\RP\timitsplit\unvoiced\th_s_ax-h_f_MLBC0_SI609_22355_26094.wav	0.5
G:\RP\timitsplit\unvoiced\bcl_sh_MLBC0_SX429_17640_21138.wav	0.5
G:\RP\timitsplit\unvoiced\s_MLEL0_SX346_50284_54320.wav	0.0
G:\RP\timitsplit\unvoiced\kcl_k_s_MLEL0_SX76_47640_53840.wav	0.0
G:\RP\timitsplit\unvoiced\ch_kcl_k_MLJC0_SX145_8600_11720.wav	1.0
G:\RP\timitsplit\unvoiced\t_MLJC0_SX325_37000_42240.wav	1.0
G:\RP\timitsplit\unvoiced\t_MLJC0_SX415_24040_24920.wav	1.0
G:\RP\timitsplit\unvoiced\k_MLJH0_SI1324_34631_36560.wav	1.0
G:\RP\timitsplit\unvoiced\th_MLJH0_SI694_15800_26800.wav	4.0
G:\RP\timitsplit\unvoiced\th_dcl_MLJH0_SX244_13880_17169.wav	1.5
G:\RP\timitsplit\unvoiced\sh_t_MLSH0_SX247_27780_31624.wav	0.5
G:\RP\timitsplit\unvoiced\s_kcl_k_MLSH0_SX337_28908_32050.wav	0.0
G:\RP\timitsplit\unvoiced\pcl_p_MLSH0_SX427_20520_23220.wav	1.0
G:\RP\timitsplit\unvoiced\pcl_p_MMAA0_SI1588_6200_9620.wav	1.0
G:\RP\timitsplit\unvoiced\kcl_s_kcl_k_MMAA0_SI845_59280_62700.wav	0.75
G:\RP\timitsplit\unvoiced\s_MMAA0_SX35_30530_39040.wav	1.0
G:\RP\timitsplit\unvoiced\s_MMAB1_SX234_40898_42752.wav	1.0
G:\RP\timitsplit\unvoiced\s_t_MMAB1_SX414_42579_48538.wav	0.5
G:\RP\timitsplit\unvoiced\kcl_k_MMAG0_SI496_11362_18760.wav	0.5
G:\RP\timitsplit\unvoiced\gcl_t_MMAG0_SX406_48280_52383.wav	1.5
G:\RP\timitsplit\unvoiced\pcl_p_sh_MMAM0_SI1597_52411_54909.wav	1.0
G:\RP\timitsplit\unvoiced\t_MMAM0_SI2227_18650_19800.wav	1.0
G:\RP\timitsplit\unvoiced\s_kcl_k_MMAM0_SX337_24616_27760.wav	0.0
G:\RP\timitsplit\unvoiced\f_MMAM0_SX427_24747_26845.wav	1.0
G:\RP\timitsplit\unvoiced\th_MMAR0_SI1336_10252_12176.wav	1.0
G:\RP\timitsplit\unvoiced\s_pcl_p_MMAR0_SX346_44292_49020.wav	0.3333333333333333
G:\RP\timitsplit\unvoiced\kcl_k_s_MMAR0_SX76_50200_55800.wav	0.0
G:\RP\timitsplit\unvoiced\pcl_p_MMBS0_SI1151_18882_20575.wav	1.0
G:\RP\timitsplit\unvoiced\s_t_MMBS0_SX161_49560_52198.wav	0.5
G:\RP\timitsplit\unvoiced\pcl_p_MMBS0_SX341_15640_17796.wav	1.0
G:\RP\timitsplit\unvoiced\pcl_p_MMBS0_SX431_41240_43720.wav	1.0
G:\RP\timitsplit\unvoiced\s_MMBS0_SX71_22120_25080.wav	1.0
G:\RP\timitsplit\unvoiced\f_MMCC0_SX258_18760_20780.wav	1.0
G:\RP\timitsplit\unvoiced\kcl_p_MMCC0_SX348_21400_24370.wav	0.5
G:\RP\timitsplit\unvoiced\pcl_p_s_kcl_k_MMCC0_SX78_6976_10150.wav	1.0
G:\RP\timitsplit\unvoiced\s_pcl_s_t_MMDB0_SI987_8517_13840.wav	0.75
G:\RP\timitsplit\unvoiced\pcl_MMDB0_SX87_18538_20240.wav	1.0
G:\RP\timitsplit\unvoiced\s_t_MMDG0_SI1780_50760_54440.wav	0.5
G:\RP\timitsplit\unvoiced\s_MMDG0_SX160_57880_64080.wav	0.0
G:\RP\timitsplit\unvoiced\kcl_k_MMDG0_SX250_24772_27560.wav	1.0
G:\RP\timitsplit\unvoiced\s_f_MMDM0_SI681_33240_35968.wav	0.5
G:\RP\timitsplit\unvoiced\kcl_k_s_t_MMDM0_SX51_11400_14440.wav	0.75
G:\RP\timitsplit\unvoiced\f_MMDM1_SI783_38680_41920.wav	1.0
G:\RP\timitsplit\unvoiced\s_t_MMDM1_SX153_53920_73520.wav	1.5
G:\RP\timitsplit\unvoiced\sh_MMDM1_SX333_60450_65040.wav	1.0
G:\RP\timitsplit\unvoiced\sh_t_MMDM1_SX423_47200_50949.wav	1.0
G:\RP\timitsplit\unvoiced\s_MMDS0_SI1343_52460_60480.wav	1.0
G:\RP\timitsplit\unvoiced\kcl_k_MMDS0_SX173_6391_8438.wav	0.5
G:\RP\timitsplit\unvoiced\pcl_p_MMEB0_SI1357_32040_34715.wav	1.0
G:\RP\timitsplit\unvoiced\s_MMEB0_SX327_64660_71040.wav	0.0
G:\RP\timitsplit\unvoiced\pcl_s_MMGC0_SI1305_15880_18798.wav	0.5
G:\RP\timitsplit\unvoiced\kcl_k_MMGC0_SX135_5924_7560.wav	1.0
G:\RP\timitsplit\unvoiced\kcl_k_MMGG0_SI1079_65680_67900.wav	1.0
G:\RP\timitsplit\unvoiced\s_MMGG0_SX359_30410_32742.wav	1.0
G:\RP\timitsplit\unvoiced\pcl_p_MMGK0_SI1322_20040_21850.wav	1.0
G:\RP\timitsplit\unvoiced\s_t_MMGK0_SX242_10861_13250.wav	1.0
G:\RP\timitsplit\unvoiced\kcl_k_s_t_MMGK0_SX332_32680_37960.wav	0.5
G:\RP\timitsplit\unvoiced\dcl_MMGK0_SX62_32920_36480.wav	2.0
G:\RP\timitsplit\unvoiced\s_MMJB1_SI1408_42920_48480.wav	1.0
G:\RP\timitsplit\unvoiced\th_ax-h_pcl_p_MMJB1_SX238_31640_36211.wav	0.75
G:\RP\timitsplit\unvoiced\s_MMJB1_SX418_45480_53920.wav	0.0
G:\RP\timitsplit\unvoiced\pcl_MMLM0_SX87_19720_21366.wav	1.0
G:\RP\timitsplit\unvoiced\dcl_s_t_MMPM0_SI1061_22565_25580.wav	0.3333333333333333
G:\RP\timitsplit\unvoiced\s_t_MMPM0_SX161_51870_54630.wav	0.5
G:\RP\timitsplit\unvoiced\s_MMPM0_SX341_25315_27989.wav	0.0
G:\RP\timitsplit\unvoiced\f_th_dcl_MMPM0_SX431_6725_9920.wav	1.0
G:\RP\timitsplit\unvoiced\s_MMPM0_SX71_34750_39760.wav	0.0
G:\RP\timitsplit\unvoiced\pcl_p_MMRP0_SX234_10844_12790.wav	1.0
G:\RP\timitsplit\unvoiced\s_t_MMRP0_SX414_49080_54720.wav	0.5
G:\RP\timitsplit\unvoiced\s_t_ax-h_s_MMSM0_SI1106_37640_42600.wav	0.5
G:\RP\timitsplit\unvoiced\kcl_sh_MMSM0_SI476_37180_39640.wav	1.0
G:\RP\timitsplit\unvoiced\pcl_p_MMVP0_SI1284_13080_15800.wav	0.0
G:\RP\timitsplit\unvoiced\th_MMVP0_SI1914_23400_26060.wav	1.0
G:\RP\timitsplit\unvoiced\s_s_q_MMVP0_SI654_16600_24703.wav	1.0
G:\RP\timitsplit\unvoiced\kcl_k_MMVP0_SX204_11240_13070.wav	1.0
G:\RP\timitsplit\unvoiced\kcl_k_MMVP0_SX347_32680_34966.wav	1.0
G:\RP\timitsplit\unvoiced\s_t_MMWB0_SX359_7240_10220.wav	0.5
G:\RP\timitsplit\unvoiced\s_MMWS0_SI888_12580_14260.wav	1.0
G:\RP\timitsplit\unvoiced\hh_MMWS0_SX168_29120_36480.wav	1.0
G:\RP\timitsplit\unvoiced\s_kcl_k_MMWS0_SX348_8340_11320.wav	0.3333333333333333
G:\RP\timitsplit\unvoiced\s_kcl_k_MMWS0_SX78_10280_12660.wav	1.0
G:\RP\timitsplit\unvoiced\s_ax-h_bcl_MMWS1_SX351_5347_8600.wav	0.6666666666666666
G:\RP\timitsplit\unvoiced\kcl_f_MMWS1_SX441_6224_8200.wav	1.0
G:\RP\timitsplit\unvoiced\s_bcl_MMWS1_SX81_10193_12360.wav	1.0
G:\RP\timitsplit\unvoiced\s_hh_MMXS0_SI2136_9390_14250.wav	1.0
G:\RP\timitsplit\unvoiced\s_MMXS0_SX246_18300_20780.wav	1.0
G:\RP\timitsplit\unvoiced\sh_f_MMXS0_SX336_24731_27195.wav	1.0
G:\RP\timitsplit\unvoiced\f_t_MNET0_SX186_16520_18220.wav	1.0
G:\RP\timitsplit\unvoiced\pcl_p_MNET0_SX276_14520_16390.wav	1.0
G:\RP\timitsplit\unvoiced\f_sh_MNTW0_SI1698_60680_63350.wav	1.0
G:\RP\timitsplit\unvoiced\kcl_k_dcl_MNTW0_SX168_7440_10080.wav	0.6666666666666666
G:\RP\timitsplit\unvoiced\s_MNTW0_SX258_8450_10748.wav	1.0
G:\RP\timitsplit\unvoiced\s_kcl_k_MNTW0_SX348_8174_11928.wav	0.0
G:\RP\timitsplit\unvoiced\s_t_MNTW0_SX78_26942_32180.wav	1.0
G:\RP\timitsplit\unvoiced\th_MPAR0_SI1576_6533_7690.wav	1.0
G:\RP\timitsplit\unvoiced\f_kcl_k_MPAR0_SI2206_17616_19847.wav	1.0
G:\RP\timitsplit\unvoiced\gcl_t_MPAR0_SX406_35412_38170.wav	0.5
G:\RP\timitsplit\unvoiced\dcl_MPEB0_SI600_28272_32599.wav	1.0
G:\RP\timitsplit\unvoiced\s_t_MPEB0_SX60_29080_31880.wav	0.5
G:\RP\timitsplit\unvoiced\t_ax-h_s_MPFU0_SX88_43167_45714.wav	1.0
G:\RP\timitsplit\unvoiced\kcl_k_MPGH0_SX204_8440_10310.wav	1.0
G:\RP\timitsplit\unvoiced\s_t_MPGR0_SX60_25930_27890.wav	1.0
G:\RP\timitsplit\unvoiced\ch_MPGR1_SI2129_39466_44560.wav	0.0
G:\RP\timitsplit\unvoiced\kcl_k_MPMB0_SI1501_91200_110800.wav	0.0
G:\RP\timitsplit\unvoiced\s_t_MPMB0_SI2131_16840_20060.wav	0.5
G:\RP\timitsplit\unvoiced\t_s_MPMB0_SX151_55590_68720.wav	1.5
G:\RP\timitsplit\unvoiced\pcl_p_MPMB0_SX241_17838_19720.wav	1.0
G:\RP\timitsplit\unvoiced\q_MPMB0_SX331_35800_38182.wav	1.0
G:\RP\timitsplit\unvoiced\s_t_q_MPMB0_SX421_53880_65400.wav	0.6666666666666666
G:\RP\timitsplit\unvoiced\s_t_MPPC0_SI1412_70680_78960.wav	0.5
G:\RP\timitsplit\unvoiced\s_t_MPPC0_SX242_12460_15090.wav	0.5
G:\RP\timitsplit\unvoiced\kcl_k_s_t_MPPC0_SX332_41160_47120.wav	0.25
G:\RP\timitsplit\unvoiced\dcl_MPPC0_SX62_38680_46720.wav	3.0
G:\RP\timitsplit\unvoiced\s_MPRB0_SX35_39144_44000.wav	0.0
G:\RP\timitsplit\unvoiced\kcl_k_MPRD0_SI1431_55543_62080.wav	1.0
G:\RP\timitsplit\unvoiced\s_MPRD0_SI2061_5900_7970.wav	0.0
G:\RP\timitsplit\unvoiced\kcl_t_hh_MPRD0_SX351_21480_24950.wav	0.6666666666666666
G:\RP\timitsplit\unvoiced\t_MPRD0_SX441_40210_45680.wav	2.0
G:\RP\timitsplit\unvoiced\kcl_k_MPRK0_SX287_45960_48280.wav	0.0
G:\RP\timitsplit\unvoiced\kcl_k_s_MPRK0_SX377_17002_19720.wav	0.6666666666666666
G:\RP\timitsplit\unvoiced\pcl_p_MPRT0_SI1210_39000_41800.wav	1.0
G:\RP\timitsplit\unvoiced\pcl_p_MPRT0_SI580_30600_32626.wav	1.0
G:\RP\timitsplit\unvoiced\s_t_MPRT0_SX130_28031_34800.wav	1.5
G:\RP\timitsplit\unvoiced\kcl_k_s_MPRT0_SX400_32668_38560.wav	0.0
G:\RP\timitsplit\unvoiced\f_MPSW0_SI1697_16927_18600.wav	1.0
G:\RP\timitsplit\unvoiced\s_MPSW0_SX77_35390_39520.wav	0.0
G:\RP\timitsplit\unvoiced\t_MRAB0_SI594_28920_32800.wav	2.0
G:\RP\timitsplit\unvoiced\s_MRAB0_SX234_36520_38680.wav	0.0
G:\RP\timitsplit\unvoiced\s_t_MRAB0_SX414_45029_50720.wav	1.0
G:\RP\timitsplit\unvoiced\s_kcl_k_MRAB1_SI2108_15390_18300.wav	0.3333333333333333
G:\RP\timitsplit\unvoiced\kcl_k_ch_MRAI0_SX342_5168_8109.wav	1.0
G:\RP\timitsplit\unvoiced\s_t_MRAM0_SI1951_55000_57532.wav	1.0
G:\RP\timitsplit\unvoiced\s_t_MRAV0_SI2268_46050_48750.wav	0.5
G:\RP\timitsplit\unvoiced\s_kcl_k_MRAV0_SX108_3890_6960.wav	0.0
G:\RP\timitsplit\unvoiced\sh_f_MRAV0_SX288_4200_6800.wav	1.0
G:\RP\timitsplit\unvoiced\kcl_f_MRBC0_SI1859_7160_9942.wav	1.0
G:\RP\timitsplit\unvoiced\kcl_k_s_MRCG0_SI1428_27720_31600.wav	0.6666666666666666
G:\RP\timitsplit\unvoiced\pcl_p_MRCG0_SI2058_8920_11010.wav	1.0
G:\RP\timitsplit\unvoiced\kcl_k_MRCG0_SX168_8610_10780.wav	0.5
G:\RP\timitsplit\unvoiced\f_MRCG0_SX258_25560_27940.wav	1.0
G:\RP\timitsplit\unvoiced\kcl_p_MRCG0_SX348_26040_29890.wav	1.0
G:\RP\timitsplit\unvoiced\dcl_th_MRCG0_SX438_50287_53530.wav	1.0
G:\RP\timitsplit\unvoiced\s_kcl_k_MRCG0_SX78_11240_14090.wav	0.3333333333333333
G:\RP\timitsplit\unvoiced\s_t_MRCW0_SI2001_8856_11360.wav	0.0
G:\RP\timitsplit\unvoiced\s_MRCW0_SI741_64925_69200.wav	0.0
G:\RP\timitsplit\unvoiced\dcl_MRDD0_SX330_47160_50400.wav	1.0
G:\RP\timitsplit\unvoiced\s_t_MRDD0_SX60_29930_32310.wav	0.5
G:\RP\timitsplit\unvoiced\sh_MRDS0_SI1167_23560_24840.wav	1.0
G:\RP\timitsplit\unvoiced\f_MRDS0_SI1797_43947_45640.wav	1.0
G:\RP\timitsplit\unvoiced\ch_MRDS0_SI537_36280_37720.wav	1.0
G:\RP\timitsplit\unvoiced\pcl_MRDS0_SX87_19000_21014.wav	1.0
G:\RP\timitsplit\unvoiced\f_MREE0_SI1104_68464_73200.wav	1.0
G:\RP\timitsplit\unvoiced\sh_t_f_MREE0_SI1959_43320_49000.wav	0.6666666666666666
G:\RP\timitsplit\unvoiced\kcl_k_MREE0_SX204_11000_13080.wav	0.5
G:\RP\timitsplit\unvoiced\s_MREH1_SI1599_49200_58192.wav	1.0
G:\RP\timitsplit\unvoiced\s_MREH1_SI2229_10171_12590.wav	1.0
G:\RP\timitsplit\unvoiced\kcl_k_MREH1_SI969_79880_84640.wav	1.0
G:\RP\timitsplit\unvoiced\s_kcl_k_MREH1_SX429_27080_30416.wav	0.0
G:\RP\timitsplit\unvoiced\s_MREM0_SX151_42908_47600.wav	0.0
G:\RP\timitsplit\unvoiced\hh_MREM0_SX241_21710_23560.wav	1.0
G:\RP\timitsplit\unvoiced\gcl_MREM0_SX331_12061_17838.wav	2.0
G:\RP\timitsplit\unvoiced\sh_ch_MREM0_SX421_34450_38280.wav	0.5
G:\RP\timitsplit\unvoiced\th_MREW1_SX420_32439_34490.wav	1.0
G:\RP\timitsplit\unvoiced\f_MRFK0_SI1076_36040_40082.wav	1.0
G:\RP\timitsplit\unvoiced\s_MRFK0_SX356_40030_45920.wav	1.0
G:\RP\timitsplit\unvoiced\t_s_pcl_p_MRFL0_SX346_35880_39240.wav	0.5
G:\RP\timitsplit\unvoiced\th_MRFL0_SX436_26026_28280.wav	1.0
G:\RP\timitsplit\unvoiced\kcl_k_s_MRFL0_SX76_44760_51280.wav	0.0
G:\RP\timitsplit\unvoiced\th_MRGM0_SI1162_6349_8211.wav	1.0
G:\RP\timitsplit\unvoiced\q_MRGM0_SX172_16793_19800.wav	1.0
G:\RP\timitsplit\unvoiced\pcl_p_s_MRGM0_SX82_40360_46640.wav	0.0
G:\RP\timitsplit\unvoiced\pcl_t_q_MRGS0_SI1356_59979_62196.wav	1.0
G:\RP\timitsplit\unvoiced\f_MRGS0_SX186_18548_20367.wav	1.0
G:\RP\timitsplit\unvoiced\pcl_p_MRGS0_SX276_21114_23580.wav	0.5
G:\RP\timitsplit\unvoiced\t_s_MRHL0_SI2145_52470_63600.wav	1.0
G:\RP\timitsplit\unvoiced\th_hh_MRHL0_SX255_23102_25020.wav	1.0
G:\RP\timitsplit\unvoiced\sh_MRHL0_SX435_45450_48220.wav	1.0
G:\RP\timitsplit\unvoiced\s_MRJB1_SI1020_51730_57680.wav	0.0
G:\RP\timitsplit\unvoiced\pcl_k_MRJB1_SX300_24574_28400.wav	0.5
G:\RP\timitsplit\unvoiced\kcl_k_MRJH0_SI1519_17320_24116.wav	0.5
G:\RP\timitsplit\unvoiced\kcl_k_s_MRJH0_SI889_69440_76480.wav	0.0
G:\RP\timitsplit\unvoiced\kcl_k_s_pcl_p_MRJH0_SX169_38747_41940.wav	1.0
G:\RP\timitsplit\unvoiced\pcl_p_MRJH0_SX79_8440_11890.wav	0.0
G:\RP\timitsplit\unvoiced\s_MRJM0_SX238_26227_28600.wav	0.0
G:\RP\timitsplit\unvoiced\s_th_MRJM0_SX418_6760_9880.wav	1.0
G:\RP\timitsplit\unvoiced\s_MRJT0_SX418_48540_53040.wav	0.0
G:\RP\timitsplit\unvoiced\t_ax-h_pcl_p_MRKM0_SI1391_72680_76318.wav	0.5
G:\RP\timitsplit\unvoiced\s_MRLD0_SI1594_40512_51040.wav	0.0
G:\RP\timitsplit\unvoiced\th_th_MRLD0_SX244_7686_9970.wav	1.0
G:\RP\timitsplit\unvoiced\s_MRLJ0_SI790_57446_66000.wav	1.0
G:\RP\timitsplit\unvoiced\s_MRLJ0_SX160_46968_52080.wav	0.0
G:\RP\timitsplit\unvoiced\ch_MRLJ0_SX250_34530_39280.wav	1.0
G:\RP\timitsplit\unvoiced\s_MRLJ0_SX340_34290_38720.wav	0.0
G:\RP\timitsplit\unvoiced\kcl_p_MRLJ1_SI1671_10200_12610.wav	1.0
G:\RP\timitsplit\unvoiced\s_MRLJ1_SI2301_60210_64320.wav	2.0
G:\RP\timitsplit\unvoiced\th_MRLK0_SI843_11640_25441.wav	5.0
G:\RP\timitsplit\unvoiced\f_MRLK0_SX303_11160_12908.wav	1.0
G:\RP\timitsplit\unvoiced\s_q_MRLK0_SX393_19180_23146.wav	0.5
G:\RP\timitsplit\unvoiced\kcl_k_MRMB0_SI1581_38946_42480.wav	0.5
G:\RP\timitsplit\unvoiced\s_pcl_p_MRMB0_SX51_13640_16530.wav	1.0
G:\RP\timitsplit\unvoiced\s_MRMG0_SI1080_42290_47440.wav	0.0
G:\RP\timitsplit\unvoiced\dcl_k_MRMG0_SI1710_5412_8490.wav	0.5
G:\RP\timitsplit\unvoiced\s_MRMG0_SX270_36135_42960.wav	1.0
G:\RP\timitsplit\unvoiced\kcl_t_ax-h_pcl_p_MRMH0_SX121_32083_36030.wav	0.8
G:\RP\timitsplit\unvoiced\s_p_MRMH0_SX211_12680_15750.wav	0.5
G:\RP\timitsplit\unvoiced\s_ch_MRMH0_SX301_34720_37796.wav	1.0
G:\RP\timitsplit\unvoiced\gcl_MRMH0_SX31_3080_4410.wav	1.0
G:\RP\timitsplit\unvoiced\pcl_MRML0_SI1421_32119_38570.wav	1.0
G:\RP\timitsplit\unvoiced\sh_t_kcl_k_MRML0_SI791_38680_43670.wav	0.5
G:\RP\timitsplit\unvoiced\s_t_MRML0_SX161_57837_61560.wav	0.5
G:\RP\timitsplit\unvoiced\s_ax-h_kcl_k_MRML0_SX341_6927_11980.wav	0.5
G:\RP\timitsplit\unvoiced\gcl_MRML0_SX431_28480_33587.wav	2.0
G:\RP\timitsplit\unvoiced\s_MRML0_SX71_26945_29850.wav	1.0
G:\RP\timitsplit\unvoiced\s_MRMS0_SI1113_40500_42697.wav	1.0
G:\RP\timitsplit\unvoiced\s_t_MRMS0_SI2057_47450_50600.wav	0.5
G:\RP\timitsplit\unvoiced\pcl_p_kcl_k_MRMS0_SX300_19527_22540.wav	0.5
G:\RP\timitsplit\unvoiced\s_MRPC1_SX132_6440_8118.wav	1.0
G:\RP\timitsplit\unvoiced\s_t_MRPC1_SX312_56280_62160.wav	1.5
G:\RP\timitsplit\unvoiced\kcl_k_MRPC1_SX402_34920_39680.wav	0.5
G:\RP\timitsplit\unvoiced\s_t_MRPC1_SX42_24960_27640.wav	0.5
G:\RP\timitsplit\unvoiced\s_MRRE0_SI1334_54069_57661.wav	0.0
G:\RP\timitsplit\unvoiced\s_t_MRRE0_SI704_47370_51800.wav	0.5
G:\RP\timitsplit\unvoiced\kcl_k_s_pcl_p_MRRE0_SI952_8520_12090.wav	0.6
G:\RP\timitsplit\unvoiced\sh_t_MRRE0_SX434_5020_9540.wav	0.5
G:\RP\timitsplit\unvoiced\s_hh_MRSO0_SI1206_36410_45786.wav	0.5
G:\RP\timitsplit\unvoiced\s_MRSO0_SI1659_2170_5096.wav	1.0
G:\RP\timitsplit\unvoiced\s_t_MRSO0_SI2289_17761_25895.wav	1.5
G:\RP\timitsplit\unvoiced\kcl_k_s_MRSO0_SX309_55212_62720.wav	0.0
G:\RP\timitsplit\unvoiced\s_MRSO0_SX399_5597_8692.wav	0.0
G:\RP\timitsplit\unvoiced\dcl_p_MRSO0_SX39_13320_16550.wav	1.0
G:\RP\timitsplit\unvoiced\kcl_k_s_pcl_p_MRSP0_SX169_38057_41227.wav	0.4
G:\RP\timitsplit\unvoiced\s_kcl_k_MRSP0_SX79_11987_14590.wav	0.6666666666666666
G:\RP\timitsplit\unvoiced\kcl_k_MRTC0_SI1458_41320_43620.wav	1.0
G:\RP\timitsplit\unvoiced\kcl_t_MRTC0_SI828_35320_38260.wav	0.5
G:\RP\timitsplit\unvoiced\s_kcl_k_MRTC0_SX108_4980_8900.wav	0.0
G:\RP\timitsplit\unvoiced\sh_f_MRTC0_SX288_4219_7270.wav	1.0
G:\RP\timitsplit\unvoiced\kcl_k_MRTJ0_SI2032_31426_39760.wav	1.5
G:\RP\timitsplit\unvoiced\s_t_MRTJ0_SX232_26010_29493.wav	0.5
G:\RP\timitsplit\unvoiced\f_t_MRTJ0_SX322_39480_45920.wav	1.5
G:\RP\timitsplit\unvoiced\pcl_p_MRTJ0_SX412_8146_11279.wav	1.0
G:\RP\timitsplit\unvoiced\s_MRVG0_SX420_2200_4680.wav	1.0
G:\RP\timitsplit\unvoiced\s_dcl_MRWA0_SI1603_11362_14070.wav	0.5
G:\RP\timitsplit\unvoiced\bcl_MRWA0_SX343_26600_28830.wav	1.0
G:\RP\timitsplit\unvoiced\s_MRWS0_SI1102_62440_67920.wav	0.0
G:\RP\timitsplit\unvoiced\s_MRWS0_SI1732_22040_23960.wav	1.0
G:\RP\timitsplit\unvoiced\s_kcl_k_MRWS0_SI472_11800_14080.wav	1.0
G:\RP\timitsplit\unvoiced\kcl_k_MRWS0_SX112_10520_12680.wav	1.0
G:\RP\timitsplit\unvoiced\s_sh_MRWS0_SX382_32520_35480.wav	1.0
G:\RP\timitsplit\unvoiced\s_t_MRXB0_SI2215_67840_73440.wav	1.0
G:\RP\timitsplit\unvoiced\s_hh_MRXB0_SI955_5848_11347.wav	0.5
G:\RP\timitsplit\unvoiced\ch_kcl_k_MRXB0_SX145_8151_11740.wav	0.3333333333333333
G:\RP\timitsplit\unvoiced\t_MRXB0_SX325_38260_41600.wav	0.0
G:\RP\timitsplit\unvoiced\t_MRXB0_SX415_24050_25210.wav	1.0
G:\RP\timitsplit\unvoiced\s_t_MSAH1_SI1049_7590_9790.wav	1.0
G:\RP\timitsplit\unvoiced\pcl_p_MSAH1_SX329_4251_7380.wav	1.0
G:\RP\timitsplit\unvoiced\s_MSAS0_SI2006_16219_19530.wav	1.0
G:\RP\timitsplit\unvoiced\s_MSAT0_SX176_42846_47760.wav	1.0
G:\RP\timitsplit\unvoiced\s_MSAT0_SX356_32318_36880.wav	0.0
G:\RP\timitsplit\unvoiced\pcl_p_s_MSAT0_SX446_31318_33906.wav	1.0
G:\RP\timitsplit\unvoiced\dcl_MSAT1_SX173_57448_61360.wav	1.0
G:\RP\timitsplit\unvoiced\pcl_p_MSDB0_SI1007_51094_53450.wav	1.0
G:\RP\timitsplit\unvoiced\bcl_MSDH0_SI2240_20200_22720.wav	1.0
G:\RP\timitsplit\unvoiced\kcl_MSDH0_SI980_65314_71920.wav	1.0
G:\RP\timitsplit\unvoiced\f_MSDH0_SX260_38760_40940.wav	1.0
G:\RP\timitsplit\unvoiced\s_pcl_p_MSDH0_SX350_22420_26727.wav	0.0
G:\RP\timitsplit\unvoiced\s_MSDS0_SI1077_86310_91760.wav	0.0
G:\RP\timitsplit\unvoiced\sh_t_MSEM1_SI1440_38742_52080.wav	1.0
G:\RP\timitsplit\unvoiced\hh_MSEM1_SI2070_48315_50850.wav	1.0
G:\RP\timitsplit\unvoiced\s_MSEM1_SI810_87370_109760.wav	0.0
G:\RP\timitsplit\unvoiced\s_MSEM1_SX270_34000_39360.wav	0.0
G:\RP\timitsplit\unvoiced\s_t_MSES0_SI1589_24840_27100.wav	1.0
G:\RP\timitsplit\unvoiced\th_MSES0_SI2219_11154_15000.wav	1.0
G:\RP\timitsplit\unvoiced\ch_th_MSES0_SX419_24350_26890.wav	1.0
G:\RP\timitsplit\unvoiced\s_kcl_k_MSFH0_SI586_40040_43160.wav	0.6666666666666666
G:\RP\timitsplit\unvoiced\s_pcl_MSFH0_SX406_27748_32936.wav	0.5
G:\RP\timitsplit\unvoiced\q_p_MSFV0_SI632_47684_50776.wav	0.5
G:\RP\timitsplit\unvoiced\kcl_MSFV0_SX182_4120_7603.wav	1.0
G:\RP\timitsplit\unvoiced\s_pcl_p_MSJK0_SI1596_66990_70016.wav	0.0
G:\RP\timitsplit\unvoiced\s_MSJK0_SX246_21979_24510.wav	0.0
G:\RP\timitsplit\unvoiced\sh_f_MSJK0_SX336_28699_31340.wav	1.0
G:\RP\timitsplit\unvoiced\kcl_k_MSMC0_SX287_28680_30920.wav	0.5
G:\RP\timitsplit\unvoiced\pcl_MSMR0_SI1150_78840_83600.wav	2.0
G:\RP\timitsplit\unvoiced\ch_kcl_k_MSMR0_SX145_12836_15450.wav	1.0
G:\RP\timitsplit\unvoiced\f_MSMR0_SX325_3110_5240.wav	1.0
G:\RP\timitsplit\unvoiced\t_MSMR0_SX415_19150_20460.wav	1.0
G:\RP\timitsplit\unvoiced\t_s_pcl_p_MSMS0_SI1433_55147_58762.wav	0.75
G:\RP\timitsplit\unvoiced\s_t_MSMS0_SI803_17800_20840.wav	0.5
G:\RP\timitsplit\unvoiced\kcl_k_MSMS0_SX173_5960_8134.wav	0.5
G:\RP\timitsplit\unvoiced\t_MSRG0_SX321_51080_54560.wav	1.0
G:\RP\timitsplit\unvoiced\kcl_k_s_MSRG0_SX51_7800_10778.wav	0.3333333333333333
G:\RP\timitsplit\unvoiced\s_MSRR0_SI1761_18920_21600.wav	0.0
G:\RP\timitsplit\unvoiced\kcl_k_ax-h_s_MSRR0_SX51_23000_27739.wav	0.25
G:\RP\timitsplit\unvoiced\s_k_MSTF0_SI852_25110_32920.wav	1.0
G:\RP\timitsplit\unvoiced\s_pcl_p_MSTF0_SX406_24520_31160.wav	0.3333333333333333
G:\RP\timitsplit\unvoiced\t_ax-h_pcl_p_MSVS0_SI1568_13770_17110.wav	1.0
G:\RP\timitsplit\unvoiced\f_t_MSVS0_SI2198_76229_82800.wav	0.5
G:\RP\timitsplit\unvoiced\ch_q_MTAB0_SI1572_23617_33152.wav	1.0
G:\RP\timitsplit\unvoiced\s_t_MTAB0_SX132_16354_19233.wav	0.5
G:\RP\timitsplit\unvoiced\s_t_MTAB0_SX312_68781_75200.wav	0.5
G:\RP\timitsplit\unvoiced\kcl_k_MTAB0_SX402_46558_51200.wav	0.5
G:\RP\timitsplit\unvoiced\s_kcl_k_MTAB0_SX42_9126_11837.wav	0.3333333333333333
G:\RP\timitsplit\unvoiced\q_sh_MTAS0_SI1385_5973_8240.wav	1.0
G:\RP\timitsplit\unvoiced\s_MTAS0_SX35_26000_31120.wav	0.0
G:\RP\timitsplit\unvoiced\kcl_t_MTAT0_SI1110_68680_73040.wav	0.5
G:\RP\timitsplit\unvoiced\kcl_k_MTAT0_SI1740_34200_35400.wav	1.0
G:\RP\timitsplit\unvoiced\kcl_k_MTAT0_SI811_37800_40254.wav	1.0
G:\RP\timitsplit\unvoiced\pcl_k_MTAT0_SX300_21480_24772.wav	0.5
G:\RP\timitsplit\unvoiced\sh_MTAT1_SI1409_2340_5260.wav	1.0
G:\RP\timitsplit\unvoiced\sh_MTBC0_SI1173_10600_12920.wav	1.0
G:\RP\timitsplit\unvoiced\pcl_p_MTBC0_SX273_33720_38240.wav	0.5
G:\RP\timitsplit\unvoiced\kcl_th_MTBC0_SX347_47285_49374.wav	1.0
G:\RP\timitsplit\unvoiced\s_t_MTBC0_SX363_45960_57680.wav	1.0
G:\RP\timitsplit\unvoiced\f_MTCS0_SX172_8680_9990.wav	1.0
G:\RP\timitsplit\unvoiced\t_MTCS0_SX442_52930_56720.wav	1.0
G:\RP\timitsplit\unvoiced\pcl_p_s_MTCS0_SX82_36386_43360.wav	0.0
G:\RP\timitsplit\unvoiced\s_MTDB0_SI1401_28520_33480.wav	0.0
G:\RP\timitsplit\unvoiced\kcl_k_MTDB0_SI771_67880_72880.wav	0.5
G:\RP\timitsplit\unvoiced\gcl_k_MTDB0_SX321_11640_14920.wav	0.5
G:\RP\timitsplit\unvoiced\kcl_s_t_MTDB0_SX51_9440_12610.wav	0.6666666666666666
G:\RP\timitsplit\unvoiced\t_s_MTDP0_SX351_25920_29760.wav	0.5
G:\RP\timitsplit\unvoiced\kcl_MTDP0_SX441_49338_53240.wav	1.0
G:\RP\timitsplit\unvoiced\th_bcl_MTDP0_SX81_29493_33680.wav	1.0
G:\RP\timitsplit\unvoiced\s_t_MTER0_SI1157_64360_70080.wav	0.5
G:\RP\timitsplit\unvoiced\s_t_MTER0_SI527_8440_11169.wav	0.5
G:\RP\timitsplit\unvoiced\s_MTJG0_SI890_26220_28170.wav	1.0
G:\RP\timitsplit\unvoiced\s_pcl_p_MTJG0_SX350_20845_24840.wav	0.0
G:\RP\timitsplit\unvoiced\s_MTJS0_SI562_65071_78000.wav	1.0
G:\RP\timitsplit\unvoiced\hh_MTJS0_SX112_31207_33320.wav	1.0
G:\RP\timitsplit\unvoiced\f_MTJS0_SX382_34631_37138.wav	1.0
G:\RP\timitsplit\unvoiced\s_t_MTJU0_SX130_34510_39680.wav	0.5
G:\RP\timitsplit\unvoiced\kcl_k_s_MTJU0_SX400_41001_46960.wav	0.0
G:\RP\timitsplit\unvoiced\s_MTKD0_SI1817_57176_62640.wav	0.0
G:\RP\timitsplit\unvoiced\kcl_k_MTKD0_SX287_34600_37011.wav	0.5
G:\RP\timitsplit\unvoiced\dcl_MTKD0_SX377_39400_49600.wav	3.0
G:\RP\timitsplit\unvoiced\s_MTKP0_SI1023_17223_19403.wav	1.0
G:\RP\timitsplit\unvoiced\sh_MTKP0_SI2283_35410_37691.wav	1.0
G:\RP\timitsplit\unvoiced\kcl_k_s_MTKP0_SI454_30746_36919.wav	0.3333333333333333
G:\RP\timitsplit\unvoiced\f_MTKP0_SX303_13240_15420.wav	1.0
G:\RP\timitsplit\unvoiced\sh_MTKP0_SX393_2220_4511.wav	1.0
G:\RP\timitsplit\unvoiced\pcl_p_MTLB0_SX234_2840_4790.wav	1.0
G:\RP\timitsplit\unvoiced\s_t_MTLB0_SX414_41610_45920.wav	1.5
G:\RP\timitsplit\unvoiced\s_t_MTLC0_SI1477_39400_45760.wav	0.0
G:\RP\timitsplit\unvoiced\kcl_k_MTML0_SI1695_32399_58880.wav	1.0
G:\RP\timitsplit\unvoiced\th_hh_MTML0_SX255_23800_25330.wav	1.0
G:\RP\timitsplit\unvoiced\s_t_MTML0_SX435_32250_35060.wav	0.5
G:\RP\timitsplit\unvoiced\s_MTMN0_SI582_78440_84800.wav	1.0
G:\RP\timitsplit\unvoiced\ch_s_t_MTMN0_SX434_4052_7570.wav	0.6666666666666666
G:\RP\timitsplit\unvoiced\s_MTMT0_SI1118_38120_39880.wav	1.0
G:\RP\timitsplit\unvoiced\t_s_t_MTMT0_SI1748_3342_6440.wav	0.6666666666666666
G:\RP\timitsplit\unvoiced\s_MTPG0_SI2013_12700_14997.wav	0.0
G:\RP\timitsplit\unvoiced\f_ax-h_s_MTPG0_SI753_56360_62800.wav	0.6666666666666666
G:\RP\timitsplit\unvoiced\f_MTPG0_SX303_12280_14360.wav	1.0
G:\RP\timitsplit\unvoiced\sh_MTPG0_SX393_2860_4400.wav	1.0
G:\RP\timitsplit\unvoiced\s_MTPR0_SX160_59809_67520.wav	1.0
G:\RP\timitsplit\unvoiced\f_MTPR0_SX250_33960_36470.wav	1.0
G:\RP\timitsplit\unvoiced\s_MTPR0_SX340_44883_51520.wav	0.0
G:\RP\timitsplit\unvoiced\pcl_p_MTQC0_SX271_17560_20080.wav	1.0
G:\RP\timitsplit\unvoiced\s_t_MTQC0_SX451_23720_27300.wav	0.5
G:\RP\timitsplit\unvoiced\s_t_MTRC0_SI589_40106_43851.wav	0.5
G:\RP\timitsplit\unvoiced\kcl_k_MTRC0_SI993_28114_31680.wav	0.0
G:\RP\timitsplit\unvoiced\pcl_MTRC0_SX273_28120_30000.wav	1.0
G:\RP\timitsplit\unvoiced\s_kcl_k_MTRR0_SX108_3380_6530.wav	0.3333333333333333
G:\RP\timitsplit\unvoiced\sh_f_MTRR0_SX288_4520_7830.wav	1.0
G:\RP\timitsplit\unvoiced\s_k_MTRT0_SX417_34680_37560.wav	0.5
G:\RP\timitsplit\unvoiced\s_MTWH1_SX162_36469_40640.wav	0.0
G:\RP\timitsplit\unvoiced\kcl_ch_MTWH1_SX342_4040_6320.wav	1.0
G:\RP\timitsplit\unvoiced\dcl_MTXS0_SI1690_25000_27440.wav	1.0
G:\RP\timitsplit\unvoiced\s_MTXS0_SX160_56894_67120.wav	1.0
G:\RP\timitsplit\unvoiced\s_MTXS0_SX250_7519_10691.wav	1.0
G:\RP\timitsplit\unvoiced\s_MVLO0_SI517_65880_70480.wav	0.0
G:\RP\timitsplit\unvoiced\sh_t_MVLO0_SX247_21765_24814.wav	1.5
G:\RP\timitsplit\unvoiced\s_kcl_k_MVLO0_SX337_29240_31880.wav	0.3333333333333333
G:\RP\timitsplit\unvoiced\kcl_k_MVLO0_SX427_6360_8600.wav	1.0
G:\RP\timitsplit\unvoiced\f_t_MVRW0_SI2115_6760_8540.wav	1.0
G:\RP\timitsplit\unvoiced\s_MVRW0_SI855_23477_26000.wav	0.0
G:\RP\timitsplit\unvoiced\s_MVRW0_SX135_39853_45040.wav	0.0
G:\RP\timitsplit\unvoiced\kcl_k_MVRW0_SX315_11720_13880.wav	0.5
G:\RP\timitsplit\unvoiced\dcl_MWAC0_SI2231_46680_48680.wav	1.0
G:\RP\timitsplit\unvoiced\sh_t_MWAC0_SX161_52606_55190.wav	1.0
G:\RP\timitsplit\unvoiced\pcl_p_MWAC0_SX341_16122_18719.wav	1.0
G:\RP\timitsplit\unvoiced\s_MWAC0_SX431_54580_64239.wav	0.0
G:\RP\timitsplit\unvoiced\s_MWAC0_SX71_37750_44080.wav	0.0
G:\RP\timitsplit\unvoiced\s_MWAD0_SX162_32380_37600.wav	0.0
G:\RP\timitsplit\unvoiced\s_MWAD0_SX342_34470_38640.wav	0.0
G:\RP\timitsplit\unvoiced\s_ax-h_pcl_p_MWAR0_SI1675_34520_38510.wav	0.25
G:\RP\timitsplit\unvoiced\ch_kcl_k_MWAR0_SX145_7561_12010.wav	0.6666666666666666
G:\RP\timitsplit\unvoiced\f_MWAR0_SX325_2760_5389.wav	1.0
G:\RP\timitsplit\unvoiced\t_MWAR0_SX415_21920_23100.wav	1.0
G:\RP\timitsplit\unvoiced\kcl_MWCH0_SX182_5848_8304.wav	1.0
G:\RP\timitsplit\unvoiced\pcl_p_MWDK0_SI1436_25320_27800.wav	1.0
G:\RP\timitsplit\unvoiced\s_MWDK0_SX176_54110_59760.wav	0.0
G:\RP\timitsplit\unvoiced\s_MWDK0_SX356_40390_48080.wav	0.0
G:\RP\timitsplit\unvoiced\kcl_k_MWDK0_SX446_19080_21840.wav	1.0
G:\RP\timitsplit\unvoiced\kcl_k_sh_MWEM0_SI1320_44440_47020.wav	1.0
G:\RP\timitsplit\unvoiced\s_pcl_p_MWEM0_SX330_18360_21770.wav	0.0
G:\RP\timitsplit\unvoiced\s_MWEM0_SX420_16880_21514.wav	0.0
G:\RP\timitsplit\unvoiced\s_t_MWEM0_SX60_30230_33360.wav	0.5
G:\RP\timitsplit\unvoiced\s_MWGR0_SX346_45490_54880.wav	0.0
G:\RP\timitsplit\unvoiced\s_MWGR0_SX436_13440_16198.wav	1.0
G:\RP\timitsplit\unvoiced\kcl_k_s_MWGR0_SX76_38260_45040.wav	0.0
G:\RP\timitsplit\unvoiced\sh_t_MWRE0_SX247_22205_25480.wav	1.5
G:\RP\timitsplit\unvoiced\kcl_k_MWRE0_SX427_5556_7450.wav	1.0
G:\RP\timitsplit\unvoiced\gcl_MWRP0_SI1525_14840_15460.wav	1.0
G:\RP\timitsplit\unvoiced\pcl_p_MWRP0_SX273_32119_42720.wav	1.0
G:\RP\timitsplit\unvoiced\s_t_MWRP0_SX363_42029_52720.wav	1.0
G:\RP\timitsplit\unvoiced\s_MWSB0_SI996_57870_69840.wav	0.0
G:\RP\timitsplit\unvoiced\s_hh_MWSH0_SI796_58850_66220.wav	0.5
G:\RP\timitsplit\unvoiced\gcl_s_MWSH0_SX346_53751_60240.wav	1.0
G:\RP\timitsplit\unvoiced\kcl_k_s_MWSH0_SX76_52040_58560.wav	0.3333333333333333
G:\RP\timitsplit\unvoiced\dcl_f_MZMB0_SI1796_16160_19080.wav	1.0
G:\RP\timitsplit\unvoiced\s_MZMB0_SX176_53240_58880.wav	0.0
G:\RP\timitsplit\unvoiced\s_MZMB0_SX356_40146_51280.wav	1.0
G:\RP\timitsplit\unvoiced\pcl_s_MZMB0_SX446_27102_30840.wav	0.5
G:\RP\timitsplit\unvoiced\pcl_sh_FJKL0_SI932_13033_16455.wav	0.5
G:\RP\timitsplit\unvoiced\s_FPMY0_SI523_92811_97383.wav	1.0
G:\RP\timitsplit\unvoiced\bcl_s_hh_MSDS0_SX87_15905_22610.wav	1.6666666666666667
G:\RP\timitsplit\unvoiced\bcl_s_MDLC1_SI1435_61731_63860.wav	1.0
G:\RP\timitsplit\unvoiced\bcl_s_MGJC0_SI1335_42486_45240.wav	1.0
G:\RP\timitsplit\unvoiced\bcl_s_MSAT0_SI2156_15248_17820.wav	1.0
G:\RP\timitsplit\unvoiced\s_t_FTLG0_SI483_3720_7528.wav	0.5
G:\RP\timitsplit\unvoiced\bcl_s_t_MRJB1_SI1413_58871_62130.wav	0.3333333333333333
G:\RP\timitsplit\unvoiced\bcl_th_FLJD0_SX436_19216_22690.wav	1.0
G:\RP\timitsplit\unvoiced\kcl_k_FLMK0_SX315_15064_18090.wav	0.5
G:\RP\timitsplit\unvoiced\bcl_th_MLEL0_SX436_35240_38520.wav	1.5
G:\RP\timitsplit\unvoiced\bcl_th_MMAR0_SX436_28825_33336.wav	1.5
G:\RP\timitsplit\unvoiced\bcl_th_MWSH0_SX436_30680_33990.wav	1.0
G:\RP\timitsplit\unvoiced\bcl_t_FKAA0_SX128_26280_28866.wav	0.5
G:\RP\timitsplit\unvoiced\kcl_k_s_pcl_p_FKLC1_SX58_5160_8770.wav	0.2
G:\RP\timitsplit\unvoiced\s_kcl_k_FLMK0_SX45_29563_33239.wav	0.0
G:\RP\timitsplit\unvoiced\kcl_k_s_pcl_p_MCAL0_SX58_5080_9000.wav	0.4
G:\RP\timitsplit\unvoiced\dcl_s_kcl_MDLC0_SX45_32419_36480.wav	0.6666666666666666
G:\RP\timitsplit\unvoiced\s_t_ax-h_pcl_p_MEJS0_SI1240_9399_14496.wav	0.4
G:\RP\timitsplit\unvoiced\dcl_s_kcl_k_MHBS0_SX45_27120_30390.wav	0.75
G:\RP\timitsplit\unvoiced\kcl_k_s_pcl_p_MHRM0_SX58_4845_8200.wav	0.2
G:\RP\timitsplit\unvoiced\s_MJMD0_SX128_32780_37120.wav	0.0
G:\RP\timitsplit\unvoiced\dcl_s_kcl_k_MJRH0_SX45_32041_36302.wav	0.25
G:\RP\timitsplit\unvoiced\s_MMEA0_SX128_30310_34960.wav	0.0
G:\RP\timitsplit\unvoiced\dcl_s_kcl_k_MMGC0_SX45_30203_33635.wav	0.25
G:\RP\timitsplit\unvoiced\kcl_k_s_pcl_p_MMJB1_SX58_3800_7800.wav	0.0
G:\RP\timitsplit\unvoiced\s_MRAB1_SX128_36280_40640.wav	0.0
G:\RP\timitsplit\unvoiced\kcl_k_s_pcl_p_MRJM0_SX58_4840_8680.wav	0.2
G:\RP\timitsplit\unvoiced\bcl_t_MRJM1_SX128_24360_26610.wav	0.5
G:\RP\timitsplit\unvoiced\s_MRJT0_SX58_59738_64960.wav	1.0
G:\RP\timitsplit\unvoiced\bcl_t_MSVS0_SX128_35843_38510.wav	1.0
G:\RP\timitsplit\unvoiced\bcl_t_MTMT0_SX128_26360_28680.wav	1.0
G:\RP\timitsplit\unvoiced\s_MKAH0_SX358_35007_42480.wav	2.0
G:\RP\timitsplit\unvoiced\s_ax-h_kcl_s_kcl_k_MSDH0_SX170_19049_24380.wav	0.16666666666666666
G:\RP\timitsplit\unvoiced\kcl_k_s_f_FHLM0_SX390_32710_37090.wav	0.25
G:\RP\timitsplit\unvoiced\kcl_k_s_f_MCSS0_SX390_30036_33378.wav	0.25
G:\RP\timitsplit\unvoiced\kcl_s_f_MDTB0_SX390_25560_28657.wav	0.6666666666666666
G:\RP\timitsplit\unvoiced\kcl_k_s_f_MRJB1_SX390_32439_37690.wav	0.0
G:\RP\timitsplit\unvoiced\kcl_k_s_f_MRMS0_SX390_26600_29710.wav	0.5
G:\RP\timitsplit\unvoiced\kcl_k_s_f_MTAT0_SX390_27800_31080.wav	0.5
G:\RP\timitsplit\unvoiced\pcl_p_FSSB0_SX272_34574_39920.wav	1.0
G:\RP\timitsplit\unvoiced\pcl_p_FTMG0_SX272_36760_41520.wav	1.5
G:\RP\timitsplit\unvoiced\ch_ch_FVMH0_SX386_4373_7680.wav	0.5
G:\RP\timitsplit\unvoiced\th_s_MAKB0_SX386_22862_27440.wav	0.5
G:\RP\timitsplit\unvoiced\pcl_MCEW0_SX272_32040_50720.wav	1.0
G:\RP\timitsplit\unvoiced\pcl_MJXL0_SX272_36520_45120.wav	0.0
G:\RP\timitsplit\unvoiced\s_MMSM0_SX386_22140_27094.wav	2.0
G:\RP\timitsplit\unvoiced\ch_ch_MRLR0_SX386_4093_8200.wav	1.0
G:\RP\timitsplit\unvoiced\pcl_p_q_MSAS0_SX386_33560_37621.wav	1.0
G:\RP\timitsplit\unvoiced\pcl_p_MSFV0_SX272_32119_43600.wav	0.5
G:\RP\timitsplit\unvoiced\ch_ch_MVJH0_SX386_3120_7070.wav	1.0
G:\RP\timitsplit\unvoiced\pcl_p_MWCH0_SX272_32439_36080.wav	1.0
G:\RP\timitsplit\unvoiced\t_s_FALR0_SX65_32298_37680.wav	1.0
G:\RP\timitsplit\unvoiced\s_FEME0_SX65_34949_39840.wav	0.0
G:\RP\timitsplit\unvoiced\s_FGMB0_SX65_39185_44400.wav	0.0
G:\RP\timitsplit\unvoiced\s_t_FMKF0_SI1018_29560_32910.wav	0.5
G:\RP\timitsplit\unvoiced\s_FNTB0_SX123_43169_47760.wav	0.0
G:\RP\timitsplit\unvoiced\f_t_FPAZ0_SI1593_22280_28160.wav	2.5
G:\RP\timitsplit\unvoiced\ch_dcl_MAJP0_SI1074_30780_33193.wav	1.0
G:\RP\timitsplit\unvoiced\t_s_MBBR0_SX65_30910_34800.wav	0.5
G:\RP\timitsplit\unvoiced\s_MDCD0_SX65_29201_32880.wav	3.0
G:\RP\timitsplit\unvoiced\s_MRDM0_SX65_29330_33200.wav	1.0
G:\RP\timitsplit\unvoiced\s_MTPF0_SX65_26360_30880.wav	0.0
G:\RP\timitsplit\unvoiced\dcl_s_FAEM0_SI1392_70440_76160.wav	1.0
G:\RP\timitsplit\unvoiced\s_FAPB0_SX433_28375_31790.wav	1.0
G:\RP\timitsplit\unvoiced\kcl_k_FBJL0_SI2182_10200_12180.wav	1.0
G:\RP\timitsplit\unvoiced\s_t_FBJL0_SX202_14120_16200.wav	0.5
G:\RP\timitsplit\unvoiced\dcl_s_t_FBMH0_SI1136_40240_43720.wav	0.6666666666666666
G:\RP\timitsplit\unvoiced\q_FCJF0_SI1027_12338_14920.wav	2.0
G:\RP\timitsplit\unvoiced\ch_FCJS0_SI2237_21030_25760.wav	0.0
G:\RP\timitsplit\unvoiced\s_t_FCLT0_SX178_41720_44470.wav	0.5
G:\RP\timitsplit\unvoiced\s_FCLT0_SX358_35801_40880.wav	0.0
G:\RP\timitsplit\unvoiced\s_pcl_p_FCRZ0_SI1913_39240_41910.wav	1.0
G:\RP\timitsplit\unvoiced\sh_FCRZ0_SI2053_23060_25399.wav	1.0
G:\RP\timitsplit\unvoiced\pcl_p_FCRZ0_SX433_24520_26960.wav	0.5
G:\RP\timitsplit\unvoiced\pcl_t_FDAS1_SI2091_9120_11270.wav	1.0
G:\RP\timitsplit\unvoiced\s_t_FDAS1_SX111_33720_40480.wav	0.5
G:\RP\timitsplit\unvoiced\s_kcl_k_FDAS1_SX201_34040_38447.wav	0.6666666666666666
G:\RP\timitsplit\unvoiced\s_t_FDAS1_SX381_16640_20170.wav	0.5
G:\RP\timitsplit\unvoiced\s_t_FDFB0_SI1318_21520_24170.wav	0.5
G:\RP\timitsplit\unvoiced\ch_kcl_k_FDFB0_SX328_22346_25063.wav	0.3333333333333333
G:\RP\timitsplit\unvoiced\s_FDJH0_SX305_36690_41600.wav	0.0
G:\RP\timitsplit\unvoiced\s_pcl_p_FDKN0_SX181_15400_19033.wav	0.0
G:\RP\timitsplit\unvoiced\s_FDML0_SX339_25800_30830.wav	0.0
G:\RP\timitsplit\unvoiced\s_FDTD0_SI2191_46290_51200.wav	1.0
G:\RP\timitsplit\unvoiced\s_ch_FDTD0_SX301_46690_51180.wav	0.5
G:\RP\timitsplit\unvoiced\s_pcl_p_FDXW0_SX251_30600_33560.wav	0.0
G:\RP\timitsplit\unvoiced\ch_FEAR0_SI1252_37514_41520.wav	0.0
G:\RP\timitsplit\unvoiced\pcl_p_FEEH0_SX212_39000_40920.wav	1.0
G:\RP\timitsplit\unvoiced\kcl_k_f_FEME0_SI875_4553_7920.wav	0.3333333333333333
G:\RP\timitsplit\unvoiced\s_pcl_p_FETB0_SI1148_20280_23000.wav	0.3333333333333333
G:\RP\timitsplit\unvoiced\s_FEXM0_SI482_34200_36840.wav	1.0
G:\RP\timitsplit\unvoiced\kcl_t_FEXM0_SX111_30161_36678.wav	1.0
G:\RP\timitsplit\unvoiced\th_s_t_FEXM0_SX201_32200_36760.wav	1.0
G:\RP\timitsplit\unvoiced\s_t_FEXM0_SX381_20680_23240.wav	1.0
G:\RP\timitsplit\unvoiced\s_t_FGDP0_SX178_49240_52173.wav	0.5
G:\RP\timitsplit\unvoiced\s_FGDP0_SX358_46442_51520.wav	2.0
G:\RP\timitsplit\unvoiced\f_q_FGMB0_SI1145_21681_25691.wav	0.5
G:\RP\timitsplit\unvoiced\s_FGRW0_SI1152_15160_17560.wav	1.0
G:\RP\timitsplit\unvoiced\dcl_k_FJDM2_SX142_41322_43938.wav	1.0
G:\RP\timitsplit\unvoiced\pcl_p_FJHK0_SX212_42280_44470.wav	1.0
G:\RP\timitsplit\unvoiced\s_FJKL0_SX212_51051_56000.wav	2.0
G:\RP\timitsplit\unvoiced\f_t_FJLR0_SX61_50120_56240.wav	0.5
G:\RP\timitsplit\unvoiced\sh_th_FJSK0_SX422_44155_47770.wav	1.0
G:\RP\timitsplit\unvoiced\ch_FKAA0_SI578_47080_57200.wav	2.0
G:\RP\timitsplit\unvoiced\q_k_FKAA0_SX398_30981_33640.wav	1.0
G:\RP\timitsplit\unvoiced\f_t_FKDE0_SX61_51669_58676.wav	1.0
G:\RP\timitsplit\unvoiced\s_t_FKLC0_SI985_74920_81440.wav	1.0
G:\RP\timitsplit\unvoiced\ch_kcl_k_FKLC1_SX328_25680_29050.wav	0.3333333333333333
G:\RP\timitsplit\unvoiced\s_pcl_p_FLAC0_SX181_11000_13540.wav	0.6666666666666666
G:\RP\timitsplit\unvoiced\s_kcl_k_FLAG0_SX114_24720_28040.wav	0.0
G:\RP\timitsplit\unvoiced\f_s_FLEH0_SI1051_24991_27680.wav	1.0
G:\RP\timitsplit\unvoiced\kcl_k_FLEH0_SI1681_33311_38400.wav	0.5
G:\RP\timitsplit\unvoiced\f_t_FLEH0_SX61_47080_52240.wav	1.5
G:\RP\timitsplit\unvoiced\s_FLET0_SI1767_33629_37160.wav	1.0
G:\RP\timitsplit\unvoiced\s_FLJA0_SX178_59140_64559.wav	0.0
G:\RP\timitsplit\unvoiced\s_FLJA0_SX358_41795_47200.wav	0.0
G:\RP\timitsplit\unvoiced\ch_FLJD0_SI886_10000_12742.wav	1.0
G:\RP\timitsplit\unvoiced\f_FLJG0_SI1611_46760_54640.wav	4.0
G:\RP\timitsplit\unvoiced\s_t_FLKM0_SI620_54561_59960.wav	1.5
G:\RP\timitsplit\unvoiced\s_t_FLKM0_SX440_43880_46760.wav	0.5
G:\RP\timitsplit\unvoiced\kcl_k_FLKM0_SX80_32919_37680.wav	0.5
G:\RP\timitsplit\unvoiced\pcl_p_FLMA0_SX433_22600_25107.wav	1.0
G:\RP\timitsplit\unvoiced\s_FLMC0_SI742_2260_4650.wav	1.0
G:\RP\timitsplit\unvoiced\ch_FLMK0_SX405_38040_43200.wav	1.0
G:\RP\timitsplit\unvoiced\s_FLTM0_SI2330_26090_31600.wav	0.0
G:\RP\timitsplit\unvoiced\kcl_k_s_kcl_k_FLTM0_SX170_24385_27547.wav	0.8
G:\RP\timitsplit\unvoiced\s_FLTM0_SX440_54297_65120.wav	3.0
G:\RP\timitsplit\unvoiced\kcl_k_FLTM0_SX80_28535_32960.wav	1.5
G:\RP\timitsplit\unvoiced\pcl_p_FMAH1_SX339_35843_41520.wav	0.5
G:\RP\timitsplit\unvoiced\pcl_p_s_FMAH1_SX69_38120_46400.wav	0.0
G:\RP\timitsplit\unvoiced\s_q_FMBG0_SX440_19560_22182.wav	0.5
G:\RP\timitsplit\unvoiced\kcl_k_FMBG0_SX80_28449_33760.wav	1.0
G:\RP\timitsplit\unvoiced\kcl_k_s_FMJU0_SI1389_24400_27830.wav	0.6666666666666666
G:\RP\timitsplit\unvoiced\th_q_FNTB0_SI573_25240_27704.wav	1.0
G:\RP\timitsplit\unvoiced\th_dcl_FPAD0_SX266_12360_14980.wav	1.0
G:\RP\timitsplit\unvoiced\ch_FRLL0_SX254_28230_40160.wav	1.0
G:\RP\timitsplit\unvoiced\th_FSAK0_SI670_43000_47760.wav	3.0
G:\RP\timitsplit\unvoiced\th_dcl_FSCN0_SX266_3480_5839.wav	1.0
G:\RP\timitsplit\unvoiced\pcl_p_FSDC0_SX142_22520_24840.wav	0.5
G:\RP\timitsplit\unvoiced\s_FSDJ0_SX305_31880_37680.wav	0.0
G:\RP\timitsplit\unvoiced\kcl_k_sh_FSGF0_SI927_59800_62932.wav	0.6666666666666666
G:\RP\timitsplit\unvoiced\pcl_s_t_FSJG0_SX40_38214_42590.wav	0.6666666666666666
G:\RP\timitsplit\unvoiced\s_FSJK1_SX305_34470_39520.wav	0.0
G:\RP\timitsplit\unvoiced\s_ax-h_f_FSJS0_SX181_50916_55560.wav	0.3333333333333333
G:\RP\timitsplit\unvoiced\pcl_p_FSJW0_SX433_27080_29930.wav	0.5
G:\RP\timitsplit\unvoiced\t_s_FSKC0_SI1416_36937_42080.wav	1.0
G:\RP\timitsplit\unvoiced\kcl_k_FSKC0_SI786_19320_23232.wav	1.0
G:\RP\timitsplit\unvoiced\kcl_k_FSLS0_SI1686_51080_55600.wav	1.0
G:\RP\timitsplit\unvoiced\t_FSLS0_SX202_28270_31360.wav	1.0
G:\RP\timitsplit\unvoiced\kcl_f_FSMA0_SI1621_13640_16246.wav	1.0
G:\RP\timitsplit\unvoiced\s_pcl_p_FSMA0_SX181_13300_16320.wav	0.0
G:\RP\timitsplit\unvoiced\s_pcl_p_FSMM0_SX324_41011_44200.wav	0.3333333333333333
G:\RP\timitsplit\unvoiced\s_pcl_p_FSPM0_SX251_42040_45140.wav	0.3333333333333333
G:\RP\timitsplit\unvoiced\s_t_FTBR0_SX111_33879_39920.wav	0.5
G:\RP\timitsplit\unvoiced\s_kcl_k_FTBR0_SX201_32040_35425.wav	0.3333333333333333
G:\RP\timitsplit\unvoiced\s_t_FTBR0_SX381_18005_21000.wav	0.5
G:\RP\timitsplit\unvoiced\ch_f_FSKC0_SX66_11650_14820.wav	0.5
G:\RP\timitsplit\unvoiced\ch_f_FSLS0_SX66_15750_18630.wav	1.0
G:\RP\timitsplit\unvoiced\ch_f_MAEO0_SX66_11541_13994.wav	1.0
G:\RP\timitsplit\unvoiced\ch_f_MJRA0_SX66_11000_13451.wav	1.0
G:\RP\timitsplit\unvoiced\s_kcl_k_MKRG0_SX411_34265_37263.wav	0.3333333333333333
G:\RP\timitsplit\unvoiced\s_kcl_k_MMDM0_SX411_46600_50590.wav	0.0
G:\RP\timitsplit\unvoiced\ch_f_MMXS0_SX66_11130_14203.wav	1.0
G:\RP\timitsplit\unvoiced\s_kcl_k_MRLJ1_SX411_36370_39030.wav	0.6666666666666666
G:\RP\timitsplit\unvoiced\ch_f_MRMB0_SX411_10492_13040.wav	1.0
G:\RP\timitsplit\unvoiced\ch_f_MSJK0_SX66_11410_14767.wav	1.0
G:\RP\timitsplit\unvoiced\dcl_ch_gcl_MSRG0_SX411_15960_20520.wav	0.6666666666666666
G:\RP\timitsplit\unvoiced\s_kcl_k_MSRR0_SX411_39645_43490.wav	0.3333333333333333
G:\RP\timitsplit\unvoiced\ch_f_MTDB0_SX411_9710_12710.wav	0.5
G:\RP\timitsplit\unvoiced\s_MADC0_SX197_29760_40800.wav	2.0
G:\RP\timitsplit\unvoiced\dcl_MADC0_SX377_44280_51040.wav	2.0
G:\RP\timitsplit\unvoiced\s_MEAL0_SX197_24950_29520.wav	0.0
G:\RP\timitsplit\unvoiced\ch_gcl_MEAL0_SX377_20651_22920.wav	1.0
G:\RP\timitsplit\unvoiced\s_MJJM0_SX197_28310_42480.wav	0.0
G:\RP\timitsplit\unvoiced\dcl_MJJM0_SX377_36520_48320.wav	4.0
G:\RP\timitsplit\unvoiced\s_MPRK0_SX197_36280_41840.wav	1.0
G:\RP\timitsplit\unvoiced\kcl_k_s_ax-h_s_MSDB0_SX197_19880_28400.wav	0.2
G:\RP\timitsplit\unvoiced\kcl_s_ax-h_bcl_MSDB0_SX377_11400_14045.wav	0.75
G:\RP\timitsplit\unvoiced\s_MSMC0_SX197_40640_45760.wav	0.0
G:\RP\timitsplit\unvoiced\kcl_k_s_bcl_MSMC0_SX377_14200_17720.wav	0.25
G:\RP\timitsplit\unvoiced\s_MTKD0_SX197_29659_42320.wav	0.0
G:\RP\timitsplit\unvoiced\ch_th_MBAR0_SX419_28992_33480.wav	1.0
G:\RP\timitsplit\unvoiced\ch_th_MJJB0_SX419_31640_36360.wav	0.5
G:\RP\timitsplit\unvoiced\ch_th_MPGR1_SX419_29540_33350.wav	0.5
G:\RP\timitsplit\unvoiced\ch_th_MRBC0_SX419_30120_34130.wav	0.5
G:\RP\timitsplit\unvoiced\hh_MRTC0_SI2088_6768_9630.wav	1.0
G:\RP\timitsplit\unvoiced\ch_th_MSAH1_SX419_28570_31980.wav	1.0
G:\RP\timitsplit\unvoiced\ch_hh_MTAT1_SX419_24520_28920.wav	1.0
G:\RP\timitsplit\unvoiced\ch_kcl_k_FALR0_SX155_21589_24362.wav	0.3333333333333333
G:\RP\timitsplit\unvoiced\ch_kcl_k_FEME0_SX155_25540_28407.wav	0.6666666666666666
G:\RP\timitsplit\unvoiced\ch_kcl_k_FGMB0_SX155_27720_31791.wav	0.3333333333333333
G:\RP\timitsplit\unvoiced\ch_kcl_k_MBBR0_SX155_20980_24410.wav	0.3333333333333333
G:\RP\timitsplit\unvoiced\ch_kcl_k_MCAL0_SX328_30200_32793.wav	0.6666666666666666
G:\RP\timitsplit\unvoiced\ch_kcl_k_MDCD0_SX155_20930_23970.wav	1.0
G:\RP\timitsplit\unvoiced\ch_kcl_k_MHRM0_SX328_25090_27750.wav	0.3333333333333333
G:\RP\timitsplit\unvoiced\ch_kcl_k_MMJB1_SX328_27480_30510.wav	0.3333333333333333
G:\RP\timitsplit\unvoiced\kcl_s_t_MNET0_SI816_21096_24560.wav	0.6666666666666666
G:\RP\timitsplit\unvoiced\ch_kcl_k_MRDM0_SX155_21260_24480.wav	0.3333333333333333
G:\RP\timitsplit\unvoiced\ch_kcl_k_MRJM0_SX328_29326_32000.wav	0.3333333333333333
G:\RP\timitsplit\unvoiced\ch_kcl_k_MRJT0_SX328_31039_33921.wav	0.6666666666666666
G:\RP\timitsplit\unvoiced\ch_kcl_k_MTPF0_SX155_15958_18520.wav	0.6666666666666666
G:\RP\timitsplit\unvoiced\ch_kcl_k_MTPR0_SI2230_64610_68260.wav	0.3333333333333333
G:\RP\timitsplit\unvoiced\ch_k_MLJH0_SI1422_21230_33760.wav	1.0
G:\RP\timitsplit\unvoiced\f_t_MABC0_SX61_35160_39840.wav	1.5
G:\RP\timitsplit\unvoiced\s_t_MADD0_SX178_48680_51000.wav	1.0
G:\RP\timitsplit\unvoiced\s_MADD0_SX358_8480_10600.wav	1.0
G:\RP\timitsplit\unvoiced\t_MAEB0_SI2250_35950_40640.wav	1.0
G:\RP\timitsplit\unvoiced\s_MAKR0_SI1352_4010_6010.wav	1.0
G:\RP\timitsplit\unvoiced\s_hh_MARC0_SI1818_15400_17947.wav	0.5
G:\RP\timitsplit\unvoiced\s_MBAR0_SX149_54440_59520.wav	0.0
G:\RP\timitsplit\unvoiced\s_t_MBEF0_SX111_28440_33760.wav	1.5
G:\RP\timitsplit\unvoiced\s_kcl_k_MBEF0_SX201_25720_28120.wav	1.0
G:\RP\timitsplit\unvoiced\s_t_MBEF0_SX381_14760_17012.wav	0.5
G:\RP\timitsplit\unvoiced\s_gcl_MBJV0_SI1877_24520_26280.wav	1.0
G:\RP\timitsplit\unvoiced\dcl_k_MBMA0_SX142_33378_37597.wav	0.5
G:\RP\timitsplit\unvoiced\dcl_p_MBOM0_SX114_31080_34063.wav	1.0
G:\RP\timitsplit\unvoiced\kcl_k_MBSB0_SX93_10560_12407.wav	1.0
G:\RP\timitsplit\unvoiced\s_MBTH0_SI2102_24341_34100.wav	1.0
G:\RP\timitsplit\unvoiced\s_MBTH0_SX212_49400_54320.wav	0.0
G:\RP\timitsplit\unvoiced\s_MBWP0_SI709_45298_52080.wav	1.0
G:\RP\timitsplit\unvoiced\ch_MCDC0_SI1292_38860_43200.wav	1.0
G:\RP\timitsplit\unvoiced\s_MCDC0_SX212_33587_35320.wav	1.0
G:\RP\timitsplit\unvoiced\kcl_k_MCDD0_SI1513_7880_9250.wav	1.0
G:\RP\timitsplit\unvoiced\dcl_s_MCDD0_SX433_18600_21420.wav	0.5
G:\RP\timitsplit\unvoiced\ch_MCDR0_SX254_28360_32960.wav	1.0
G:\RP\timitsplit\unvoiced\s_t_MCHL0_SI1347_65142_80480.wav	1.0
G:\RP\timitsplit\unvoiced\s_pcl_p_MCXM0_SX181_11950_14680.wav	1.0
G:\RP\timitsplit\unvoiced\kcl_t_f_MDAC0_SX181_9817_14440.wav	0.3333333333333333
G:\RP\timitsplit\unvoiced\kcl_MDAS0_SI1896_61133_67200.wav	1.0
G:\RP\timitsplit\unvoiced\kcl_k_MDCD0_SI2045_24396_26200.wav	1.0
G:\RP\timitsplit\unvoiced\s_MDDC0_SI2049_14120_15750.wav	1.0
G:\RP\timitsplit\unvoiced\dcl_sh_MDDC0_SX339_3800_6230.wav	1.0
G:\RP\timitsplit\unvoiced\pcl_p_s_MDDC0_SX69_35320_40640.wav	0.0
G:\RP\timitsplit\unvoiced\s_pcl_p_MDHS0_SI900_2340_5670.wav	0.3333333333333333
G:\RP\timitsplit\unvoiced\s_MDKS0_SI1066_11321_12931.wav	1.0
G:\RP\timitsplit\unvoiced\ch_MDLC0_SX405_41670_45520.wav	2.0
G:\RP\timitsplit\unvoiced\ch_MDLM0_SI1864_5600_6920.wav	1.0
G:\RP\timitsplit\unvoiced\s_t_MDMA0_SX440_40720_43770.wav	0.5
G:\RP\timitsplit\unvoiced\kcl_k_MDMA0_SX80_31832_39360.wav	0.5
G:\RP\timitsplit\unvoiced\s_MDMT0_SX212_35480_37800.wav	1.0
G:\RP\timitsplit\unvoiced\s_t_MDNS0_SX111_36267_41840.wav	0.5
G:\RP\timitsplit\unvoiced\s_t_MDNS0_SX201_22516_25268.wav	0.5
G:\RP\timitsplit\unvoiced\s_t_MDNS0_SX381_17545_20390.wav	0.0
G:\RP\timitsplit\unvoiced\s_MDRD0_SX212_53970_58640.wav	0.0
G:\RP\timitsplit\unvoiced\s_MDSJ0_SI832_38400_43440.wav	0.0
G:\RP\timitsplit\unvoiced\s_MDWH0_SX305_51226_55600.wav	1.0
G:\RP\timitsplit\unvoiced\kcl_k_MDWM0_SI2176_38579_42400.wav	0.0
G:\RP\timitsplit\unvoiced\pcl_p_MDWM0_SX433_21720_24580.wav	1.0
G:\RP\timitsplit\unvoiced\ch_MEDR0_SI2004_29020_32640.wav	1.0
G:\RP\timitsplit\unvoiced\q_MEDR0_SI744_10461_13240.wav	1.0
G:\RP\timitsplit\unvoiced\s_kcl_k_MEDR0_SX114_19690_22530.wav	0.0
G:\RP\timitsplit\unvoiced\s_t_MEWM0_SI718_5550_7895.wav	1.0
G:\RP\timitsplit\unvoiced\s_MEWM0_SX178_49360_59440.wav	0.0
G:\RP\timitsplit\unvoiced\s_MEWM0_SX358_6800_9065.wav	1.0
G:\RP\timitsplit\unvoiced\pcl_p_MFER0_SX142_18088_20140.wav	1.0
G:\RP\timitsplit\unvoiced\kcl_k_q_MFMC0_SX142_28920_31750.wav	0.3333333333333333
G:\RP\timitsplit\unvoiced\f_s_MFXV0_SX285_36760_43840.wav	0.0
G:\RP\timitsplit\unvoiced\t_MGAF0_SX202_19560_22160.wav	1.0
G:\RP\timitsplit\unvoiced\f_t_MGAG0_SX61_39000_43680.wav	0.5
G:\RP\timitsplit\unvoiced\s_t_hh_MGAK0_SI2296_27655_30830.wav	0.6666666666666666
G:\RP\timitsplit\unvoiced\s_t_MGSH0_SI1806_44120_50480.wav	1.5
G:\RP\timitsplit\unvoiced\th_f_MHBS0_SI945_43440_45890.wav	1.0
G:\RP\timitsplit\unvoiced\f_MHMG0_SI1365_26520_28323.wav	1.0
G:\RP\timitsplit\unvoiced\f_s_MHMG0_SX285_35320_41360.wav	0.0
G:\RP\timitsplit\unvoiced\dcl_t_MHMR0_SI1119_9880_12920.wav	0.5
G:\RP\timitsplit\unvoiced\s_t_MHMR0_SI1692_44040_47160.wav	0.0
G:\RP\timitsplit\unvoiced\sh_th_MHXL0_SX422_47097_50648.wav	1.0
G:\RP\timitsplit\unvoiced\s_MILB0_SX93_5080_7520.wav	1.0
G:\RP\timitsplit\unvoiced\s_pcl_p_MJAC0_SX251_43050_46320.wav	0.3333333333333333
G:\RP\timitsplit\unvoiced\s_MJAC0_SX71_33867_42880.wav	0.0
G:\RP\timitsplit\unvoiced\f_t_ax-h_q_MJAI0_SI710_56360_59553.wav	1.0
G:\RP\timitsplit\unvoiced\ch_MJAI0_SX254_25217_30320.wav	2.0
G:\RP\timitsplit\unvoiced\sh_th_MJBG0_SX422_47435_51111.wav	0.5
G:\RP\timitsplit\unvoiced\kcl_k_MJDG0_SX142_25000_29720.wav	1.5
G:\RP\timitsplit\unvoiced\s_MJDM0_SX440_57180_61920.wav	0.0
G:\RP\timitsplit\unvoiced\kcl_k_s_kcl_k_MJEB0_SX170_22400_26660.wav	0.0
G:\RP\timitsplit\unvoiced\s_MJEE0_SI1237_6840_8920.wav	1.0
G:\RP\timitsplit\unvoiced\s_kcl_k_MJJB0_SX149_26920_30760.wav	0.3333333333333333
G:\RP\timitsplit\unvoiced\s_pcl_p_MJJB0_SX329_40520_44003.wav	0.6666666666666666
G:\RP\timitsplit\unvoiced\th_dcl_MJLB0_SX266_4200_6260.wav	1.0
G:\RP\timitsplit\unvoiced\t_MJLG1_SX202_24350_27360.wav	1.0
G:\RP\timitsplit\unvoiced\f_MJMD0_SX398_23899_26180.wav	1.0
G:\RP\timitsplit\unvoiced\f_ax-h_f_MJPG0_SI1191_11321_14760.wav	1.0
G:\RP\timitsplit\unvoiced\s_kcl_k_MJPG0_SX201_24520_27530.wav	0.6666666666666666
G:\RP\timitsplit\unvoiced\s_MJPG0_SX381_21556_24521.wav	0.0
G:\RP\timitsplit\unvoiced\s_MJRG0_SI1366_12690_17120.wav	1.0
G:\RP\timitsplit\unvoiced\s_MJRG0_SI736_69040_73600.wav	1.0
G:\RP\timitsplit\unvoiced\pcl_p_MJRH0_SI1840_20440_23480.wav	0.5
G:\RP\timitsplit\unvoiced\ch_MJRH0_SX405_39240_43280.wav	2.0
G:\RP\timitsplit\unvoiced\kcl_k_s_MJRK0_SI880_48120_51040.wav	0.6666666666666666
G:\RP\timitsplit\unvoiced\ch_MJRP0_SX405_36259_41040.wav	0.0
G:\RP\timitsplit\unvoiced\ch_MJSR0_SX254_31150_48800.wav	0.0
G:\RP\timitsplit\unvoiced\pcl_p_s_p_MJWG0_SI813_7320_21500.wav	0.5
G:\RP\timitsplit\unvoiced\ch_MKAH0_SI898_37570_43200.wav	2.0
G:\RP\timitsplit\unvoiced\s_MKAH0_SX178_54814_66151.wav	1.0
G:\RP\timitsplit\unvoiced\t_sh_MKDB0_SI2132_33310_39120.wav	0.5
G:\RP\timitsplit\unvoiced\sh_gcl_MKDB0_SX422_14740_18530.wav	1.0
G:\RP\timitsplit\unvoiced\f_k_MKDD0_SI1567_29711_36380.wav	0.5
G:\RP\timitsplit\unvoiced\pcl_s_MKLR0_SX69_35395_41280.wav	0.5
G:\RP\timitsplit\unvoiced\f_s_MKLS1_SX285_34757_39760.wav	0.0
G:\RP\timitsplit\unvoiced\f_s_MKXL0_SX285_33160_38480.wav	0.5
G:\RP\timitsplit\unvoiced\pcl_p_MLBC0_SX339_35586_39527.wav	0.0
G:\RP\timitsplit\unvoiced\s_pcl_p_MMAB1_SX324_41173_44543.wav	0.0
G:\RP\timitsplit\unvoiced\s_pcl_p_MMBS0_SX251_40520_43720.wav	0.6666666666666666
G:\RP\timitsplit\unvoiced\s_MMDM0_SI1311_2680_5640.wav	1.0
G:\RP\timitsplit\unvoiced\f_MMEA0_SX398_20040_22710.wav	1.0
G:\RP\timitsplit\unvoiced\s_MMGC0_SI1935_15240_17369.wav	0.0
G:\RP\timitsplit\unvoiced\ch_MMGC0_SX405_33880_37840.wav	0.0
G:\RP\timitsplit\unvoiced\dcl_MMGG0_SI1709_29161_33120.wav	2.0
G:\RP\timitsplit\unvoiced\s_MMGK0_SI692_4640_6183.wav	1.0
G:\RP\timitsplit\unvoiced\sh_f_MMGK0_SX422_3620_6820.wav	1.0
G:\RP\timitsplit\unvoiced\s_pcl_p_MMPM0_SX251_36820_39817.wav	0.0
G:\RP\timitsplit\unvoiced\s_pcl_p_MMRP0_SX324_48040_50880.wav	1.0
G:\RP\timitsplit\unvoiced\s_kcl_k_MMVP0_SX114_26670_29470.wav	0.0
G:\RP\timitsplit\unvoiced\s_MMWB0_SI989_47386_54640.wav	1.0
G:\RP\timitsplit\unvoiced\s_dcl_MNTW0_SX202_16800_19330.wav	1.0
G:\RP\timitsplit\unvoiced\t_s_MPAR0_SX316_19115_21205.wav	1.0
G:\RP\timitsplit\unvoiced\dcl_MPEB0_SX420_51102_55360.wav	1.0
G:\RP\timitsplit\unvoiced\kcl_k_s_pcl_p_MPFU0_SI628_10120_14520.wav	0.4
G:\RP\timitsplit\unvoiced\s_ch_MPFU0_SX178_45720_48293.wav	1.0
G:\RP\timitsplit\unvoiced\s_MPFU0_SX358_7720_8981.wav	1.0
G:\RP\timitsplit\unvoiced\s_bcl_MPGH0_SI675_23560_26660.wav	0.5
G:\RP\timitsplit\unvoiced\s_kcl_k_MPGH0_SX114_17560_19920.wav	0.6666666666666666
G:\RP\timitsplit\unvoiced\s_MPGR0_SI1410_21267_22980.wav	1.0
G:\RP\timitsplit\unvoiced\s_MPGR0_SI780_4193_6270.wav	1.0
G:\RP\timitsplit\unvoiced\dcl_MPGR0_SX330_42720_48800.wav	1.0
G:\RP\timitsplit\unvoiced\dcl_MPGR0_SX420_55079_59200.wav	1.0
G:\RP\timitsplit\unvoiced\s_kcl_k_MPGR1_SX149_25960_28790.wav	0.3333333333333333
G:\RP\timitsplit\unvoiced\s_p_MPGR1_SX329_40860_44660.wav	1.0
G:\RP\timitsplit\unvoiced\f_t_MPMB0_SX61_66600_77760.wav	2.5
G:\RP\timitsplit\unvoiced\pcl_p_MPPC0_SI782_37718_40230.wav	0.5
G:\RP\timitsplit\unvoiced\sh_th_MPPC0_SX422_41550_44530.wav	0.5
G:\RP\timitsplit\unvoiced\ch_MPRB0_SI1205_20520_22697.wav	0.0
G:\RP\timitsplit\unvoiced\t_MPRK0_SI1727_29480_42880.wav	2.0
G:\RP\timitsplit\unvoiced\s_MPSW0_SI2327_28574_33280.wav	0.0
G:\RP\timitsplit\unvoiced\gcl_s_t_MRAB0_SX324_12031_15540.wav	0.6666666666666666
G:\RP\timitsplit\unvoiced\f_MRAB1_SX398_23560_26040.wav	1.0
G:\RP\timitsplit\unvoiced\f_s_MRAM0_SX285_39477_45760.wav	0.0
G:\RP\timitsplit\unvoiced\t_s_q_MRAV0_SI1008_9830_12301.wav	1.0
G:\RP\timitsplit\unvoiced\s_kcl_k_MRBC0_SX149_32040_34840.wav	1.0
G:\RP\timitsplit\unvoiced\s_pcl_p_MRBC0_SX329_9160_12825.wav	0.0
G:\RP\timitsplit\unvoiced\s_f_MRCG0_SI798_9560_12610.wav	0.5
G:\RP\timitsplit\unvoiced\s_MRCW0_SX111_30160_35280.wav	2.0
G:\RP\timitsplit\unvoiced\s_kcl_k_MRCW0_SX201_29242_32470.wav	0.0
G:\RP\timitsplit\unvoiced\s_t_MRCW0_SX381_15456_18590.wav	0.5
G:\RP\timitsplit\unvoiced\kcl_MRDD0_SI1680_7423_9260.wav	1.0
G:\RP\timitsplit\unvoiced\kcl_k_MRDD0_SI2310_29850_31670.wav	1.0
G:\RP\timitsplit\unvoiced\s_kcl_k_MREE0_SX114_22520_24920.wav	0.6666666666666666
G:\RP\timitsplit\unvoiced\pcl_MREH1_SX339_43600_48080.wav	1.0
G:\RP\timitsplit\unvoiced\f_t_MREM0_SX61_43640_48800.wav	1.0
G:\RP\timitsplit\unvoiced\ch_MREW1_SI1500_35820_40560.wav	1.0
G:\RP\timitsplit\unvoiced\dcl_MREW1_SX330_48760_55200.wav	1.0
G:\RP\timitsplit\unvoiced\dcl_MRFK0_SX266_31916_34240.wav	2.0
G:\RP\timitsplit\unvoiced\ch_MRGS0_SI1986_4219_6433.wav	1.0
G:\RP\timitsplit\unvoiced\s_MRJM0_SI1228_22600_25889.wav	1.0
G:\RP\timitsplit\unvoiced\f_MRJM1_SX398_30920_33160.wav	1.0
G:\RP\timitsplit\unvoiced\s_MRJT0_SI868_8410_10480.wav	1.0
G:\RP\timitsplit\unvoiced\s_t_MRLD0_SI964_40420_42870.wav	0.5
G:\RP\timitsplit\unvoiced\kcl_k_MRLR0_SI1196_17127_20386.wav	0.0
G:\RP\timitsplit\unvoiced\s_t_MRLR0_SI566_10920_14621.wav	1.0
G:\RP\timitsplit\unvoiced\s_pcl_p_MRML0_SX251_48010_51860.wav	0.3333333333333333
G:\RP\timitsplit\unvoiced\s_s_q_MRRE0_SX254_20750_26684.wav	0.3333333333333333
G:\RP\timitsplit\unvoiced\kcl_k_q_MRTJ0_SX142_34280_39137.wav	0.3333333333333333
G:\RP\timitsplit\unvoiced\s_MRWA0_SI2233_29200_31707.wav	0.0
G:\RP\timitsplit\unvoiced\s_dcl_MRWS0_SX202_11800_13880.wav	1.0
G:\RP\timitsplit\unvoiced\pcl_p_MRXB0_SI1585_21978_23761.wav	1.0
G:\RP\timitsplit\unvoiced\sh_hh_MSAH1_SI2309_22390_24590.wav	1.0
G:\RP\timitsplit\unvoiced\kcl_MSAT0_SI896_11400_12940.wav	1.0
G:\RP\timitsplit\unvoiced\ch_MSAT0_SX266_15900_17765.wav	1.0
G:\RP\timitsplit\unvoiced\s_t_MSDB0_SI2267_7410_9970.wav	0.5
G:\RP\timitsplit\unvoiced\kcl_MSDH0_SX80_30203_34560.wav	1.0
G:\RP\timitsplit\unvoiced\s_kcl_k_MSES0_SX149_26280_29033.wav	0.6666666666666666
G:\RP\timitsplit\unvoiced\s_pcl_p_MSES0_SX329_8600_11140.wav	1.0
G:\RP\timitsplit\unvoiced\sh_MSMR0_SI1405_32020_33730.wav	1.0
G:\RP\timitsplit\unvoiced\s_t_MSMR0_SI775_28327_30790.wav	0.5
G:\RP\timitsplit\unvoiced\s_f_MSRG0_SI591_43000_45400.wav	1.0
G:\RP\timitsplit\unvoiced\s_MSTF0_SI1396_34930_37280.wav	1.0
G:\RP\timitsplit\unvoiced\ch_MSVS0_SI938_72267_76480.wav	1.0
G:\RP\timitsplit\unvoiced\s_MSVS0_SX398_54960_58072.wav	0.0
G:\RP\timitsplit\unvoiced\s_MTAS0_SX305_30690_35280.wav	1.0
G:\RP\timitsplit\unvoiced\s_MTAT1_SI779_44418_49760.wav	2.0
G:\RP\timitsplit\unvoiced\s_MTAT1_SX149_64100_68240.wav	0.0
G:\RP\timitsplit\unvoiced\s_pcl_p_MTAT1_SX329_52200_56290.wav	0.3333333333333333
G:\RP\timitsplit\unvoiced\s_MTJG0_SX440_53818_61040.wav	1.0
G:\RP\timitsplit\unvoiced\kcl_k_MTJG0_SX80_25942_31600.wav	1.0
G:\RP\timitsplit\unvoiced\s_pcl_p_MTJM0_SI655_5880_9080.wav	0.6666666666666666
G:\RP\timitsplit\unvoiced\s_dcl_MTJS0_SX202_12983_14997.wav	1.0
G:\RP\timitsplit\unvoiced\s_pcl_p_MTLB0_SX324_38642_41750.wav	0.0
G:\RP\timitsplit\unvoiced\s_th_MTMN0_SI2324_55910_58440.wav	0.5
G:\RP\timitsplit\unvoiced\ch_MTMN0_SX254_30390_35440.wav	2.0
G:\RP\timitsplit\unvoiced\f_MTMT0_SX398_24731_27080.wav	1.0
G:\RP\timitsplit\unvoiced\s_kcl_k_MTPG0_SI1383_23250_25800.wav	1.0
G:\RP\timitsplit\unvoiced\kcl_k_f_MTQC0_SX181_12120_15840.wav	0.3333333333333333
G:\RP\timitsplit\unvoiced\kcl_s_kcl_k_MTRC0_SI1623_25400_28430.wav	0.25
G:\RP\timitsplit\unvoiced\s_ax-h_pcl_p_MTRC0_SX170_31014_34880.wav	0.25
G:\RP\timitsplit\unvoiced\kcl_k_MTRC0_SX93_9520_11770.wav	1.0
G:\RP\timitsplit\unvoiced\ch_MTRT0_SX254_30440_34480.wav	0.0
G:\RP\timitsplit\unvoiced\ch_MVRW0_SX405_30730_35280.wav	1.0
G:\RP\timitsplit\unvoiced\s_pcl_p_MWAC0_SX251_46470_50010.wav	0.3333333333333333
G:\RP\timitsplit\unvoiced\ch_MWCH0_SI1895_11570_13053.wav	1.0
G:\RP\timitsplit\unvoiced\dcl_MWDK0_SX266_33950_39680.wav	3.0
G:\RP\timitsplit\unvoiced\s_MWRE0_SI1057_17420_19747.wav	1.0
G:\RP\timitsplit\unvoiced\kcl_k_MWRP0_SX93_9600_11830.wav	1.0
G:\RP\timitsplit\unvoiced\q_MZMB0_SX266_26986_29117.wav	1.0
G:\RP\timitsplit\unvoiced\f_s_MDJM0_SX285_35240_41120.wav	1.0
G:\RP\timitsplit\unvoiced\f_s_MEFG0_SX285_39400_45600.wav	1.0
G:\RP\timitsplit\unvoiced\ch_q_FAJW0_SX93_27560_31839.wav	0.5
G:\RP\timitsplit\unvoiced\ch_q_FCMM0_SX93_22934_25775.wav	0.5
G:\RP\timitsplit\unvoiced\kcl_q_MCXM0_SX451_6600_8737.wav	1.0
G:\RP\timitsplit\unvoiced\s_MTBC0_SX93_5640_8196.wav	1.0
G:\RP\timitsplit\unvoiced\s_pcl_p_FDKN0_SX361_3640_7560.wav	0.0
G:\RP\timitsplit\unvoiced\ch_s_FLAC0_SX361_8000_11160.wav	0.5
G:\RP\timitsplit\unvoiced\s_pcl_p_FSMA0_SX361_3465_6780.wav	0.0
G:\RP\timitsplit\unvoiced\s_pcl_p_MCXM0_SX361_3363_6182.wav	0.6666666666666666
G:\RP\timitsplit\unvoiced\t_MRKM0_SX277_45800_55440.wav	2.0
G:\RP\timitsplit\unvoiced\s_pcl_p_MTQC0_SX361_3905_7920.wav	0.0
G:\RP\timitsplit\unvoiced\pcl_s_FDML0_SX69_34920_41040.wav	0.5
G:\RP\timitsplit\unvoiced\pcl_p_s_MLBC0_SX69_36380_43213.wav	0.0
G:\RP\timitsplit\unvoiced\pcl_p_s_MREH1_SX69_49160_55760.wav	0.0
G:\RP\timitsplit\unvoiced\s_s_MESJ0_SI2039_28550_39188.wav	0.5
G:\RP\timitsplit\unvoiced\kcl_k_FDAS1_SX291_36760_43920.wav	0.5
G:\RP\timitsplit\unvoiced\s_kcl_k_FDXW0_SI1511_7120_10695.wav	0.0
G:\RP\timitsplit\unvoiced\kcl_k_FEXM0_SX291_50280_55760.wav	0.5
G:\RP\timitsplit\unvoiced\ch_t_FMPG0_SI2232_46960_54080.wav	1.5
G:\RP\timitsplit\unvoiced\ch_t_FTBR0_SX291_12975_16250.wav	1.0
G:\RP\timitsplit\unvoiced\ch_t_f_FBMJ0_SX66_16208_20040.wav	0.6666666666666666
G:\RP\timitsplit\unvoiced\kcl_k_MBEF0_SX291_29409_34240.wav	1.5
G:\RP\timitsplit\unvoiced\kcl_k_MDNS0_SX291_35400_39680.wav	0.5
G:\RP\timitsplit\unvoiced\ch_t_MJPG0_SX291_10067_12760.wav	1.0
G:\RP\timitsplit\unvoiced\ch_t_MJRG0_SX106_9900_13720.wav	0.5
G:\RP\timitsplit\unvoiced\kcl_k_MRCW0_SX291_31400_38320.wav	0.5
G:\RP\timitsplit\unvoiced\dcl_ax-h_s_pcl_p_MSAH1_SX59_15813_19680.wav	0.4
G:\RP\timitsplit\unvoiced\dcl_ch_FJWB1_SX165_39160_45760.wav	0.5
G:\RP\timitsplit\unvoiced\kcl_t_ax-h_FKLH0_SX447_16040_19400.wav	0.6666666666666666
G:\RP\timitsplit\unvoiced\q_p_MARW0_SI1906_21389_24104.wav	1.0
G:\RP\timitsplit\unvoiced\s_t_MCHL0_SX447_7436_11660.wav	1.0
G:\RP\timitsplit\unvoiced\kcl_MDLB0_SI1936_41240_47040.wav	1.0
G:\RP\timitsplit\unvoiced\s_MKLS0_SX447_35801_43200.wav	1.0
G:\RP\timitsplit\unvoiced\dcl_ch_MMDB0_SX447_20449_22660.wav	0.5
G:\RP\timitsplit\unvoiced\dcl_ch_MMLM0_SX447_22480_25190.wav	1.0
G:\RP\timitsplit\unvoiced\dcl_ch_MRDS0_SX447_22224_25441.wav	0.5
G:\RP\timitsplit\unvoiced\s_MSDS0_SX447_36598_41840.wav	2.0
G:\RP\timitsplit\unvoiced\dcl_dcl_FDMY0_SX27_14680_20302.wav	1.5
G:\RP\timitsplit\unvoiced\q_f_FAEM0_SI2022_14016_16640.wav	1.0
G:\RP\timitsplit\unvoiced\s_FAEM0_SX222_38690_43200.wav	1.0
G:\RP\timitsplit\unvoiced\kcl_s_kcl_k_FAJW0_SI1263_51880_55831.wav	0.5
G:\RP\timitsplit\unvoiced\s_FAJW0_SX183_10680_13618.wav	1.0
G:\RP\timitsplit\unvoiced\t_FALK0_SI456_43488_45840.wav	1.0
G:\RP\timitsplit\unvoiced\s_FALK0_SI658_45880_49320.wav	0.0
G:\RP\timitsplit\unvoiced\kcl_s_FALK0_SX96_24920_28360.wav	0.5
G:\RP\timitsplit\unvoiced\kcl_k_FALR0_SX245_29480_31456.wav	1.0
G:\RP\timitsplit\unvoiced\s_t_FALR0_SX335_59720_64640.wav	1.0
G:\RP\timitsplit\unvoiced\dcl_FAPB0_SI1693_17279_26052.wav	1.0
G:\RP\timitsplit\unvoiced\s_t_FAPB0_SI2323_76250_79330.wav	0.5
G:\RP\timitsplit\unvoiced\s_FAPB0_SX163_46120_50480.wav	1.0
G:\RP\timitsplit\unvoiced\dcl_FAPB0_SX253_19718_28100.wav	2.0
G:\RP\timitsplit\unvoiced\s_pcl_p_FBAS0_SI2066_45601_48830.wav	0.3333333333333333
G:\RP\timitsplit\unvoiced\t_q_FBAS0_SX217_14245_19467.wav	1.0
G:\RP\timitsplit\unvoiced\dcl_FBAS0_SX307_21096_21848.wav	1.0
G:\RP\timitsplit\unvoiced\s_FBAS0_SX37_38809_43440.wav	1.0
G:\RP\timitsplit\unvoiced\s_kcl_k_FBCG1_SI982_8187_11340.wav	0.6666666666666666
G:\RP\timitsplit\unvoiced\dcl_FBCG1_SX172_27780_32884.wav	2.0
G:\RP\timitsplit\unvoiced\s_FBCG1_SX262_11655_13580.wav	1.0
G:\RP\timitsplit\unvoiced\s_FBCH0_SI1586_40406_42830.wav	1.0
G:\RP\timitsplit\unvoiced\dcl_FBCH0_SX236_36344_39280.wav	1.0
G:\RP\timitsplit\unvoiced\s_FBCH0_SX416_55950_61040.wav	0.0
G:\RP\timitsplit\unvoiced\pcl_t_ax-h_t_FBCH0_SX56_15029_19080.wav	0.75
G:\RP\timitsplit\unvoiced\pcl_p_FBJL0_SI1552_31240_33890.wav	0.5
G:\RP\timitsplit\unvoiced\kcl_k_s_kcl_k_FBJL0_SX292_6760_10480.wav	0.2
G:\RP\timitsplit\unvoiced\s_FBLV0_SI1058_47530_52640.wav	0.0
G:\RP\timitsplit\unvoiced\s_t_FBLV0_SX158_30660_36080.wav	1.0
G:\RP\timitsplit\unvoiced\s_FBLV0_SX338_50320_54880.wav	0.0
G:\RP\timitsplit\unvoiced\th_FBLV0_SX68_36151_43200.wav	2.0
G:\RP\timitsplit\unvoiced\sh_FBMH0_SI970_66360_71360.wav	0.0
G:\RP\timitsplit\unvoiced\pcl_p_FBMH0_SX236_22440_24280.wav	1.0
G:\RP\timitsplit\unvoiced\kcl_k_FBMH0_SX416_29720_31749.wav	0.5
G:\RP\timitsplit\unvoiced\kcl_k_q_FBMH0_SX56_10520_12880.wav	0.3333333333333333
G:\RP\timitsplit\unvoiced\s_p_FBMJ0_SX156_15373_19843.wav	1.0
G:\RP\timitsplit\unvoiced\s_FCAG0_SX153_45577_51840.wav	1.0
G:\RP\timitsplit\unvoiced\f_t_q_FCAG0_SX63_15080_17947.wav	1.0
G:\RP\timitsplit\unvoiced\kcl_k_FCAJ0_SI1804_22725_28775.wav	0.5
G:\RP\timitsplit\unvoiced\s_bcl_FCDR1_SI556_44827_50800.wav	2.0
G:\RP\timitsplit\unvoiced\s_FCDR1_SX196_29240_38160.wav	0.0
G:\RP\timitsplit\unvoiced\f_t_FCDR1_SX286_31720_37180.wav	1.0
G:\RP\timitsplit\unvoiced\kcl_k_FCJF0_SX217_18972_20820.wav	1.0
G:\RP\timitsplit\unvoiced\dcl_FCJF0_SX307_14400_15200.wav	1.0
G:\RP\timitsplit\unvoiced\t_s_FCJF0_SX37_32080_36160.wav	1.0
G:\RP\timitsplit\unvoiced\t_FCJS0_SI1607_4690_5890.wav	1.0
G:\RP\timitsplit\unvoiced\kcl_k_s_t_hh_FCJS0_SI977_5271_9190.wav	0.4
G:\RP\timitsplit\unvoiced\f_s_kcl_k_FCJS0_SX167_17420_21530.wav	0.25
G:\RP\timitsplit\unvoiced\pcl_p_FCJS0_SX257_8120_9550.wav	1.0
G:\RP\timitsplit\unvoiced\s_s_FCJS0_SX437_54641_62160.wav	1.0
G:\RP\timitsplit\unvoiced\q_FCKE0_SI1111_15916_18320.wav	1.0
G:\RP\timitsplit\unvoiced\s_k_FCKE0_SI1741_39240_41880.wav	0.5
G:\RP\timitsplit\unvoiced\s_gcl_FCLT0_SI2068_12160_14600.wav	0.5
G:\RP\timitsplit\unvoiced\s_FCLT0_SX268_46150_51360.wav	0.0
G:\RP\timitsplit\unvoiced\pcl_p_FCLT0_SX448_36200_40480.wav	1.0
G:\RP\timitsplit\unvoiced\s_q_FCMG0_SI1242_24040_27633.wav	0.5
G:\RP\timitsplit\unvoiced\kcl_t_FCMG0_SX252_32138_34548.wav	1.0
G:\RP\timitsplit\unvoiced\s_pcl_p_FCMG0_SX72_2297_5988.wav	0.0
G:\RP\timitsplit\unvoiced\f_s_FCMM0_SI453_29560_33000.wav	0.0
G:\RP\timitsplit\unvoiced\s_FCMM0_SX183_7034_8473.wav	1.0
G:\RP\timitsplit\unvoiced\f_FCRZ0_SX163_18955_20670.wav	1.0
G:\RP\timitsplit\unvoiced\sh_FCYL0_SI1297_38080_40650.wav	1.0
G:\RP\timitsplit\unvoiced\pcl_p_FCYL0_SI1927_25817_28428.wav	1.0
G:\RP\timitsplit\unvoiced\s_FCYL0_SI667_72704_79760.wav	2.0
G:\RP\timitsplit\unvoiced\t_q_FCYL0_SX217_13284_15415.wav	1.0
G:\RP\timitsplit\unvoiced\s_FCYL0_SX37_34422_42240.wav	1.0
G:\RP\timitsplit\unvoiced\dcl_hh_FDAW0_SI2036_20764_24271.wav	1.0
G:\RP\timitsplit\unvoiced\sh_FDAW0_SX236_30420_32740.wav	1.0
G:\RP\timitsplit\unvoiced\s_FDAW0_SX416_36670_41760.wav	0.0
G:\RP\timitsplit\unvoiced\pcl_t_ax-h_t_FDAW0_SX56_15560_20570.wav	1.0
G:\RP\timitsplit\unvoiced\th_FDJH0_SI935_60743_66560.wav	2.0
G:\RP\timitsplit\unvoiced\dcl_f_FDJH0_SX215_25840_28180.wav	1.0
G:\RP\timitsplit\unvoiced\q_k_FDKN0_SI1202_15529_18710.wav	1.0
G:\RP\timitsplit\unvoiced\pcl_p_gcl_FDKN0_SI1711_23860_26942.wav	1.0
G:\RP\timitsplit\unvoiced\kcl_t_FDML0_SI1779_13160_17080.wav	1.0
G:\RP\timitsplit\unvoiced\s_pcl_t_FDMY0_SI567_72920_84520.wav	1.3333333333333333
G:\RP\timitsplit\unvoiced\dcl_s_sh_FDMY0_SX387_22920_31800.wav	1.0
G:\RP\timitsplit\unvoiced\kcl_k_s_FDNC0_SI1278_25000_31560.wav	0.0
G:\RP\timitsplit\unvoiced\dcl_FDNC0_SI2287_26280_29840.wav	1.0
G:\RP\timitsplit\unvoiced\th_FDNC0_SX18_46600_51360.wav	2.0
G:\RP\timitsplit\unvoiced\s_FDNC0_SX198_12040_14520.wav	1.0
G:\RP\timitsplit\unvoiced\s_FDNC0_SX378_8360_10920.wav	1.0
G:\RP\timitsplit\unvoiced\f_pcl_p_FDTD0_SI1561_34520_38740.wav	0.3333333333333333
G:\RP\timitsplit\unvoiced\t_s_t_FDTD0_SX321_42083_46270.wav	0.6666666666666666
G:\RP\timitsplit\unvoiced\kcl_k_s_th_FEAC0_SX165_29640_33560.wav	0.5
G:\RP\timitsplit\unvoiced\sh_s_FEAC0_SX345_5480_7895.wav	1.0
G:\RP\timitsplit\unvoiced\f_t_FEAR0_SI622_44796_49600.wav	1.0
G:\RP\timitsplit\unvoiced\th_FEAR0_SX262_18840_21054.wav	1.0
G:\RP\timitsplit\unvoiced\s_FECD0_SI2048_34710_41600.wav	0.0
G:\RP\timitsplit\unvoiced\s_t_FECD0_SX158_32960_41120.wav	0.5
G:\RP\timitsplit\unvoiced\s_FECD0_SX338_46235_53040.wav	0.0
G:\RP\timitsplit\unvoiced\th_FECD0_SX68_42878_47120.wav	2.0
G:\RP\timitsplit\unvoiced\s_kcl_k_FEEH0_SI1112_44200_47080.wav	0.6666666666666666
G:\RP\timitsplit\unvoiced\s_kcl_k_FEEH0_SX392_12200_17295.wav	1.0
G:\RP\timitsplit\unvoiced\kcl_k_FEME0_SX245_31720_34150.wav	1.0
G:\RP\timitsplit\unvoiced\s_t_FEME0_SX335_71320_76640.wav	0.5
G:\RP\timitsplit\unvoiced\s_pcl_p_FETB0_SI1778_25000_28360.wav	1.0
G:\RP\timitsplit\unvoiced\s_t_FETB0_SX158_29744_35840.wav	1.0
G:\RP\timitsplit\unvoiced\s_FETB0_SX338_45984_50960.wav	2.0
G:\RP\timitsplit\unvoiced\th_FETB0_SX68_37138_42880.wav	2.0
G:\RP\timitsplit\unvoiced\kcl_k_s_FEXM0_SI1731_36120_39240.wav	0.0
G:\RP\timitsplit\unvoiced\s_FGCS0_SI2116_40355_45773.wav	0.0
G:\RP\timitsplit\unvoiced\kcl_k_s_FGCS0_SX136_52899_63386.wav	0.0
G:\RP\timitsplit\unvoiced\f_kcl_k_FGCS0_SX226_6767_9232.wav	1.0
G:\RP\timitsplit\unvoiced\dcl_FGCS0_SX46_29974_32666.wav	2.0
G:\RP\timitsplit\unvoiced\s_FGDP0_SI1618_27478_31348.wav	2.0
G:\RP\timitsplit\unvoiced\dcl_s_FGDP0_SI2248_18840_21680.wav	1.0
G:\RP\timitsplit\unvoiced\s_t_ax-h_kcl_FGDP0_SX268_42933_48578.wav	0.5
G:\RP\timitsplit\unvoiced\pcl_p_FGDP0_SX448_39913_52560.wav	0.5
G:\RP\timitsplit\unvoiced\kcl_k_FGMB0_SX245_35240_37800.wav	1.0
G:\RP\timitsplit\unvoiced\s_t_FGMB0_SX335_71560_80720.wav	0.5
G:\RP\timitsplit\unvoiced\kcl_t_FGRW0_SX252_35467_38120.wav	0.5
G:\RP\timitsplit\unvoiced\s_pcl_p_FGRW0_SX72_3880_7800.wav	0.0
G:\RP\timitsplit\unvoiced\s_FHLM0_SI1560_17910_23920.wav	0.0
G:\RP\timitsplit\unvoiced\kcl_t_FHXS0_SI2302_56637_62321.wav	1.5
G:\RP\timitsplit\unvoiced\s_FHXS0_SI2335_25190_27410.wav	1.0
G:\RP\timitsplit\unvoiced\s_FHXS0_SX355_41972_47040.wav	0.0
G:\RP\timitsplit\unvoiced\dcl_s_FJDM2_SI1964_15797_20101.wav	0.5
G:\RP\timitsplit\unvoiced\f_FJDM2_SI2212_20614_27279.wav	2.0
G:\RP\timitsplit\unvoiced\s_gcl_FJDM2_SX52_25312_27730.wav	1.0
G:\RP\timitsplit\unvoiced\sh_FJEN0_SI1047_23088_25859.wav	1.0
G:\RP\timitsplit\unvoiced\f_t_s_FJEN0_SI1677_9859_16000.wav	0.3333333333333333
G:\RP\timitsplit\unvoiced\f_FJEN0_SX237_29000_36080.wav	3.0
G:\RP\timitsplit\unvoiced\s_kcl_k_f_FJEN0_SX57_30348_35190.wav	0.0
G:\RP\timitsplit\unvoiced\s_t_FJHK0_SI1022_29800_32067.wav	0.5
G:\RP\timitsplit\unvoiced\t_s_FJHK0_SX122_49700_55280.wav	1.0
G:\RP\timitsplit\unvoiced\s_ax-h_pcl_p_FJHK0_SX392_34024_37991.wav	0.25
G:\RP\timitsplit\unvoiced\s_FJKL0_SX122_51428_56000.wav	1.0
G:\RP\timitsplit\unvoiced\s_kcl_k_FJKL0_SX392_12345_16040.wav	0.0
G:\RP\timitsplit\unvoiced\dcl_s_th_FJLG0_SX179_27047_30600.wav	0.6666666666666666
G:\RP\timitsplit\unvoiced\s_f_FJLG0_SX449_50150_53250.wav	0.5
G:\RP\timitsplit\unvoiced\f_FJLG0_SX89_29960_31941.wav	1.0
G:\RP\timitsplit\unvoiced\s_s_FJLR0_SI1231_62280_69280.wav	1.0
G:\RP\timitsplit\unvoiced\dcl_s_FJLR0_SI1861_12120_15160.wav	1.0
G:\RP\timitsplit\unvoiced\kcl_t_ax-h_t_FJRB0_SI1302_29320_33172.wav	1.0
G:\RP\timitsplit\unvoiced\kcl_k_FJRB0_SI1932_15202_16920.wav	1.0
G:\RP\timitsplit\unvoiced\dcl_p_FJRP1_SI1432_25240_28890.wav	1.0
G:\RP\timitsplit\unvoiced\dcl_FJRP1_SI2062_27440_31040.wav	1.0
G:\RP\timitsplit\unvoiced\sh_FJRP1_SI802_25280_27710.wav	1.0
G:\RP\timitsplit\unvoiced\s_FJRP1_SX262_24355_28210.wav	1.0
G:\RP\timitsplit\unvoiced\s_kcl_k_FJSK0_SI1052_44850_48335.wav	0.0
G:\RP\timitsplit\unvoiced\th_FJSK0_SI2312_11880_13420.wav	1.0
G:\RP\timitsplit\unvoiced\t_s_FJSK0_SX152_45110_49360.wav	1.0
G:\RP\timitsplit\unvoiced\kcl_k_s_FJSP0_SX174_55160_61040.wav	0.0
G:\RP\timitsplit\unvoiced\pcl_p_s_FJSP0_SX444_35509_37606.wav	1.0
G:\RP\timitsplit\unvoiced\kcl_k_s_FJWB1_SI795_27960_43040.wav	0.3333333333333333
G:\RP\timitsplit\unvoiced\f_FJXM0_SI581_28680_32840.wav	3.0
G:\RP\timitsplit\unvoiced\kcl_k_s_t_FJXM0_SX221_27160_31080.wav	0.25
G:\RP\timitsplit\unvoiced\t_s_kcl_k_FJXM0_SX41_24120_26903.wav	0.5
G:\RP\timitsplit\unvoiced\kcl_k_s_FJXP0_SI1122_5800_7880.wav	1.0
G:\RP\timitsplit\unvoiced\s_FJXP0_SI492_3080_4760.wav	1.0
G:\RP\timitsplit\unvoiced\th_pcl_p_FJXP0_SX222_14920_18040.wav	1.0
G:\RP\timitsplit\unvoiced\dcl_FKAA0_SI1838_33080_35880.wav	1.0
G:\RP\timitsplit\unvoiced\kcl_k_FKDE0_SI1771_32334_35300.wav	1.0
G:\RP\timitsplit\unvoiced\t_FKDW0_SI1207_24396_35719.wav	3.0
G:\RP\timitsplit\unvoiced\kcl_f_FKDW0_SI1891_16920_21366.wav	1.0
G:\RP\timitsplit\unvoiced\dcl_FKDW0_SX307_17211_18040.wav	1.0
G:\RP\timitsplit\unvoiced\s_FKDW0_SX37_36177_41520.wav	0.0
G:\RP\timitsplit\unvoiced\kcl_k_FKKH0_SI1290_33880_36420.wav	0.5
G:\RP\timitsplit\unvoiced\pcl_p_s_pcl_p_FKKH0_SI1920_5658_10530.wav	0.4
G:\RP\timitsplit\unvoiced\s_t_FKKH0_SI660_3160_6220.wav	0.5
G:\RP\timitsplit\unvoiced\dcl_t_FKLC0_SI2245_5890_8690.wav	1.0
G:\RP\timitsplit\unvoiced\f_FKLC0_SX355_5544_7420.wav	1.0
G:\RP\timitsplit\unvoiced\s_FKLC0_SX85_2220_5200.wav	1.0
G:\RP\timitsplit\unvoiced\s_pcl_p_FKLC1_SX148_4678_8619.wav	0.0
G:\RP\timitsplit\unvoiced\s_FKLH0_SI1257_78271_82880.wav	0.0
G:\RP\timitsplit\unvoiced\s_ch_FKLH0_SX357_7240_10167.wav	0.5
G:\RP\timitsplit\unvoiced\sh_FKSR0_SI1117_40360_42360.wav	1.0
G:\RP\timitsplit\unvoiced\kcl_k_FKSR0_SI1747_27640_30280.wav	1.0
G:\RP\timitsplit\unvoiced\pcl_p_FKSR0_SX217_5160_8200.wav	0.5
G:\RP\timitsplit\unvoiced\s_FKSR0_SX37_38040_42080.wav	0.0
G:\RP\timitsplit\unvoiced\s_q_FLAC0_SI1339_22025_29994.wav	1.0
G:\RP\timitsplit\unvoiced\pcl_p_FLAC0_SI901_7812_9830.wav	1.0
G:\RP\timitsplit\unvoiced\s_FLAG0_SI2094_27410_33520.wav	0.0
G:\RP\timitsplit\unvoiced\s_FLAG0_SX294_48290_54880.wav	1.0
G:\RP\timitsplit\unvoiced\s_FLAG0_SX384_33840_51040.wav	2.0
G:\RP\timitsplit\unvoiced\dcl_FLEH0_SI2311_25399_26700.wav	1.0
G:\RP\timitsplit\unvoiced\kcl_k_FLET0_SI507_35720_37720.wav	1.0
G:\RP\timitsplit\unvoiced\f_FLET0_SX237_20595_25840.wav	2.0
G:\RP\timitsplit\unvoiced\t_FLET0_SX277_31400_35200.wav	2.0
G:\RP\timitsplit\unvoiced\s_kcl_k_f_FLET0_SX57_23227_27240.wav	0.75
G:\RP\timitsplit\unvoiced\kcl_k_s_FLHD0_SX174_55400_61360.wav	0.3333333333333333
G:\RP\timitsplit\unvoiced\t_FLHD0_SX444_41890_45200.wav	1.0
G:\RP\timitsplit\unvoiced\t_FLHD0_SX84_49760_53040.wav	3.0
G:\RP\timitsplit\unvoiced\s_FLJA0_SI1078_43196_45697.wav	1.0
G:\RP\timitsplit\unvoiced\s_FLJA0_SI1708_8640_10870.wav	1.0
G:\RP\timitsplit\unvoiced\s_FLJA0_SX268_55160_60240.wav	1.0
G:\RP\timitsplit\unvoiced\s_f_FLJA0_SX448_8627_12300.wav	0.5
G:\RP\timitsplit\unvoiced\pcl_p_s_t_s_t_FLJD0_SX166_36440_42080.wav	0.5
G:\RP\timitsplit\unvoiced\s_kcl_k_FLJG0_SX171_19400_22440.wav	0.3333333333333333
G:\RP\timitsplit\unvoiced\s_ax-h_bcl_FLJG0_SX81_11671_14200.wav	0.6666666666666666
G:\RP\timitsplit\unvoiced\s_kcl_k_FLKM0_SX116_15240_18520.wav	0.0
G:\RP\timitsplit\unvoiced\th_FLMA0_SI1243_12871_14840.wav	1.0
G:\RP\timitsplit\unvoiced\f_FLMA0_SX163_11357_13240.wav	1.0
G:\RP\timitsplit\unvoiced\s_t_FLMC0_SI1372_40983_43960.wav	0.5
G:\RP\timitsplit\unvoiced\f_q_FLMC0_SI2002_12546_14719.wav	1.0
G:\RP\timitsplit\unvoiced\kcl_s_kcl_k_FLMC0_SX292_6720_9630.wav	0.75
G:\RP\timitsplit\unvoiced\pcl_p_q_FLMK0_SI1035_21424_24748.wav	1.0
G:\RP\timitsplit\unvoiced\s_sh_FLOD0_SI1917_10650_16543.wav	0.5
G:\RP\timitsplit\unvoiced\kcl_k_s_t_FLOD0_SI657_28360_31500.wav	0.75
G:\RP\timitsplit\unvoiced\s_kcl_k_FLOD0_SX171_19800_22660.wav	0.6666666666666666
G:\RP\timitsplit\unvoiced\s_FLOD0_SX387_33410_35550.wav	1.0
G:\RP\timitsplit\unvoiced\f_FMBG0_SX260_37480_39320.wav	1.0
G:\RP\timitsplit\unvoiced\pcl_s_FMEM0_SI1377_30746_38490.wav	0.5
G:\RP\timitsplit\unvoiced\t_FMEM0_SI2007_21220_26610.wav	2.0
G:\RP\timitsplit\unvoiced\gcl_s_FMEM0_SX387_49274_52689.wav	0.5
G:\RP\timitsplit\unvoiced\s_t_FMJB0_SI1177_35000_38308.wav	0.5
G:\RP\timitsplit\unvoiced\s_FMJB0_SI1807_2200_5054.wav	0.0
G:\RP\timitsplit\unvoiced\s_FMJB0_SX367_44200_54960.wav	1.0
G:\RP\timitsplit\unvoiced\kcl_k_s_FMJF0_SX174_62200_69520.wav	0.0
G:\RP\timitsplit\unvoiced\kcl_k_s_ax-h_kcl_k_FMJF0_SX354_27989_32459.wav	0.5
G:\RP\timitsplit\unvoiced\t_FMJF0_SX444_46040_49920.wav	2.0
G:\RP\timitsplit\unvoiced\s_pcl_p_FMJF0_SX84_54760_58479.wav	0.0
G:\RP\timitsplit\unvoiced\s_kcl_k_FMJU0_SI759_15320_20510.wav	0.0
G:\RP\timitsplit\unvoiced\s_FMKC0_SI1072_10070_12121.wav	1.0
G:\RP\timitsplit\unvoiced\s_FMKC0_SX262_37160_44640.wav	0.0
G:\RP\timitsplit\unvoiced\dcl_FMKF0_SI1536_40976_52240.wav	2.0
G:\RP\timitsplit\unvoiced\s_t_FMKF0_SX366_44040_46424.wav	0.0
G:\RP\timitsplit\unvoiced\kcl_k_s_FMKF0_SX96_30537_33440.wav	0.3333333333333333
G:\RP\timitsplit\unvoiced\s_hh_FMMH0_SI1537_28114_30720.wav	1.0
G:\RP\timitsplit\unvoiced\pcl_p_FMMH0_SI2167_47240_54160.wav	1.5
G:\RP\timitsplit\unvoiced\s_FMMH0_SX367_40370_46000.wav	0.0
G:\RP\timitsplit\unvoiced\s_s_FMPG0_SI972_19864_26784.wav	1.0
G:\RP\timitsplit\unvoiced\s_bcl_FMPG0_SX252_10410_14014.wav	0.5
G:\RP\timitsplit\unvoiced\dcl_FMPG0_SX72_33903_38400.wav	1.0
G:\RP\timitsplit\unvoiced\s_FNKL0_SI1522_35175_40640.wav	1.0
G:\RP\timitsplit\unvoiced\s_q_FNKL0_SI892_34050_37480.wav	0.5
G:\RP\timitsplit\unvoiced\s_FNKL0_SX262_33950_35990.wav	1.0
G:\RP\timitsplit\unvoiced\s_t_FNTB0_SX213_35080_40720.wav	0.5
G:\RP\timitsplit\unvoiced\s_FPAB1_SI1471_46330_53920.wav	1.0
G:\RP\timitsplit\unvoiced\s_t_FPAC0_SI2011_9160_14690.wav	0.5
G:\RP\timitsplit\unvoiced\s_FPAC0_SI661_70632_75120.wav	1.0
G:\RP\timitsplit\unvoiced\kcl_k_FPAD0_SI1346_21364_23780.wav	0.5
G:\RP\timitsplit\unvoiced\s_t_FPAD0_SI1976_16080_19040.wav	0.5
G:\RP\timitsplit\unvoiced\pcl_p_s_FPAD0_SI716_68760_75360.wav	0.0
G:\RP\timitsplit\unvoiced\s_t_FPAF0_SX154_35678_43680.wav	1.5
G:\RP\timitsplit\unvoiced\dcl_FPAF0_SX64_45160_48160.wav	1.0
G:\RP\timitsplit\unvoiced\s_FPAZ0_SI963_30200_33650.wav	0.0
G:\RP\timitsplit\unvoiced\kcl_FPAZ0_SX27_20045_22550.wav	2.0
G:\RP\timitsplit\unvoiced\f_t_FPAZ0_SX63_22182_24470.wav	1.0
G:\RP\timitsplit\unvoiced\s_FPJF0_SI1259_8303_15980.wav	2.0
G:\RP\timitsplit\unvoiced\sh_FPJF0_SX236_28770_30991.wav	1.0
G:\RP\timitsplit\unvoiced\kcl_k_q_FPJF0_SX56_9684_12048.wav	1.0
G:\RP\timitsplit\unvoiced\dcl_p_FPLS0_SI2220_6120_8530.wav	1.0
G:\RP\timitsplit\unvoiced\s_pcl_p_FPLS0_SI960_34715_37820.wav	0.3333333333333333
G:\RP\timitsplit\unvoiced\s_pcl_p_FPLS0_SX330_17320_20115.wav	0.6666666666666666
G:\RP\timitsplit\unvoiced\kcl_p_FPMY0_SX196_22520_25859.wav	1.0
G:\RP\timitsplit\unvoiced\kcl_k_FREH0_SI1945_13480_15480.wav	1.0
G:\RP\timitsplit\unvoiced\s_FREH0_SX235_31164_32986.wav	1.0
G:\RP\timitsplit\unvoiced\s_gcl_FREH0_SX55_29202_30920.wav	1.0
G:\RP\timitsplit\unvoiced\f_s_kcl_k_FRJB0_SX167_15800_20170.wav	0.0
G:\RP\timitsplit\unvoiced\pcl_p_FRJB0_SX257_7352_8690.wav	1.0
G:\RP\timitsplit\unvoiced\th_FRLL0_SI884_50680_57040.wav	4.0
G:\RP\timitsplit\unvoiced\s_t_FRLL0_SX164_43800_50000.wav	2.0
G:\RP\timitsplit\unvoiced\f_FRLL0_SX344_32599_38240.wav	4.0
G:\RP\timitsplit\unvoiced\kcl_k_FRLL0_SX74_19680_22600.wav	1.0
G:\RP\timitsplit\unvoiced\s_FSAG0_SI1323_59722_65198.wav	0.0
G:\RP\timitsplit\unvoiced\f_t_q_FSAG0_SX63_21720_27279.wav	0.6666666666666666
G:\RP\timitsplit\unvoiced\s_kcl_k_FSAH0_SI1244_3400_6200.wav	0.0
G:\RP\timitsplit\unvoiced\sh_FSAH0_SI1874_36440_41440.wav	1.0
G:\RP\timitsplit\unvoiced\s_t_FSAH0_SX164_41240_46880.wav	1.0
G:\RP\timitsplit\unvoiced\f_FSAH0_SX344_28699_32800.wav	1.0
G:\RP\timitsplit\unvoiced\s_p_FSAH0_SX74_31240_33720.wav	0.0
G:\RP\timitsplit\unvoiced\t_FSAK0_SI1300_71349_74160.wav	1.0
G:\RP\timitsplit\unvoiced\q_dcl_FSAK0_SX220_12203_14709.wav	1.0
G:\RP\timitsplit\unvoiced\s_t_FSAK0_SX310_23320_26165.wav	1.0
G:\RP\timitsplit\unvoiced\pcl_p_s_t_FSAK0_SX40_25720_29813.wav	0.25
G:\RP\timitsplit\unvoiced\s_FSBK0_SI2329_18980_20810.wav	1.0
G:\RP\timitsplit\unvoiced\sh_t_FSBK0_SX259_20120_23360.wav	0.5
G:\RP\timitsplit\unvoiced\kcl_sh_FSDC0_SI1312_60660_63560.wav	1.0
G:\RP\timitsplit\unvoiced\kcl_k_FSDC0_SI1942_37800_41840.wav	0.5
G:\RP\timitsplit\unvoiced\kcl_k_FSDC0_SX52_31000_33306.wav	1.0
G:\RP\timitsplit\unvoiced\dcl_FSDJ0_SI485_27989_32800.wav	1.0
G:\RP\timitsplit\unvoiced\kcl_sh_FSDJ0_SX215_39101_41483.wav	1.0
G:\RP\timitsplit\unvoiced\th_s_FSGF0_SI1557_13720_18190.wav	1.0
G:\RP\timitsplit\unvoiced\s_FSGF0_SI2187_36140_39280.wav	0.0
G:\RP\timitsplit\unvoiced\kcl_FSGF0_SX27_22200_24790.wav	1.0
G:\RP\timitsplit\unvoiced\sh_FSGF0_SX387_17729_20860.wav	1.0
G:\RP\timitsplit\unvoiced\pcl_p_FSJG0_SI1570_51258_57280.wav	2.0
G:\RP\timitsplit\unvoiced\s_FSJG0_SI2200_46566_52828.wav	0.0
G:\RP\timitsplit\unvoiced\q_FSJG0_SI940_24164_27176.wav	1.0
G:\RP\timitsplit\unvoiced\kcl_k_t_FSJG0_SX220_71240_75380.wav	0.6666666666666666
G:\RP\timitsplit\unvoiced\s_t_FSJG0_SX310_26535_30140.wav	0.5
G:\RP\timitsplit\unvoiced\s_t_FSJK1_SI2285_19020_21890.wav	0.5
G:\RP\timitsplit\unvoiced\kcl_k_sh_FSJK1_SX215_40411_43587.wav	0.3333333333333333
G:\RP\timitsplit\unvoiced\s_FSJS0_SI1801_52600_59840.wav	1.0
G:\RP\timitsplit\unvoiced\kcl_k_s_pcl_p_FSKC0_SX156_31164_34490.wav	0.0
G:\RP\timitsplit\unvoiced\th_FSKC0_SX426_28920_31950.wav	1.0
G:\RP\timitsplit\unvoiced\kcl_k_FSKL0_SI899_34673_42701.wav	1.5
G:\RP\timitsplit\unvoiced\s_FSKL0_SX179_29060_31504.wav	1.0
G:\RP\timitsplit\unvoiced\th_f_FSKL0_SX449_26280_29250.wav	1.0
G:\RP\timitsplit\unvoiced\f_FSKL0_SX89_22015_23812.wav	1.0
G:\RP\timitsplit\unvoiced\s_FSKP0_SI468_13800_15480.wav	1.0
G:\RP\timitsplit\unvoiced\th_FSKP0_SX18_33960_38640.wav	2.0
G:\RP\timitsplit\unvoiced\s_FSKP0_SX198_9720_12120.wav	0.0
G:\RP\timitsplit\unvoiced\s_FSKP0_SX378_5560_7880.wav	1.0
G:\RP\timitsplit\unvoiced\s_q_FSLS0_SI2316_15958_20745.wav	1.0
G:\RP\timitsplit\unvoiced\kcl_k_s_pcl_p_FSLS0_SX156_6600_11630.wav	0.2
G:\RP\timitsplit\unvoiced\pcl_p_FSLS0_SX426_27720_30580.wav	1.5
G:\RP\timitsplit\unvoiced\dcl_FSMA0_SI991_67263_71680.wav	1.0
G:\RP\timitsplit\unvoiced\kcl_k_s_ch_FSMM0_SI1314_14621_19079.wav	0.75
G:\RP\timitsplit\unvoiced\hh_FSMS1_SI1504_30034_32300.wav	1.0
G:\RP\timitsplit\unvoiced\s_FSMS1_SI2134_37210_40001.wav	1.0
G:\RP\timitsplit\unvoiced\s_t_gcl_FSMS1_SI874_8840_11330.wav	1.0
G:\RP\timitsplit\unvoiced\s_t_FSMS1_SX154_35800_42080.wav	0.5
G:\RP\timitsplit\unvoiced\s_FSMS1_SX64_20560_23268.wav	1.0
G:\RP\timitsplit\unvoiced\t_FSRH0_SI1719_19253_23200.wav	1.0
G:\RP\timitsplit\unvoiced\kcl_k_FSRH0_SI1931_8520_10698.wav	1.0
G:\RP\timitsplit\unvoiced\s_t_FSRH0_SX41_36650_39093.wav	1.0
G:\RP\timitsplit\unvoiced\kcl_k_FSSB0_SI2342_15444_17780.wav	1.0
G:\RP\timitsplit\unvoiced\pcl_t_q_FSSB0_SX362_33544_37506.wav	0.0
G:\RP\timitsplit\unvoiced\kcl_k_FSSB0_SX452_34760_37300.wav	0.5
G:\RP\timitsplit\unvoiced\s_FSSB0_SX92_50690_54880.wav	1.0
G:\RP\timitsplit\unvoiced\f_FTAJ0_SI474_8935_10350.wav	1.0
G:\RP\timitsplit\unvoiced\s_kcl_k_FTAJ0_SI699_36090_38790.wav	0.0
G:\RP\timitsplit\unvoiced\s_FTBW0_SI1345_23023_24830.wav	1.0
G:\RP\timitsplit\unvoiced\sh_t_FTBW0_SI1975_37160_42240.wav	1.0
G:\RP\timitsplit\unvoiced\s_FTBW0_SX355_35200_40240.wav	0.0
G:\RP\timitsplit\unvoiced\s_FTLG0_SX123_48597_53040.wav	0.0
G:\RP\timitsplit\unvoiced\s_FTLG0_SX213_40814_45978.wav	2.0
G:\RP\timitsplit\unvoiced\s_FTMG0_SI902_9950_11730.wav	1.0
G:\RP\timitsplit\unvoiced\kcl_k_FTMG0_SX362_13160_15360.wav	1.0
G:\RP\timitsplit\unvoiced\kcl_k_FTMG0_SX452_30880_33400.wav	1.0
G:\RP\timitsplit\unvoiced\pcl_p_FTMG0_SX92_27560_29920.wav	0.5
G:\RP\timitsplit\unvoiced\s_FVFB0_SI1510_59840_64640.wav	0.0
G:\RP\timitsplit\unvoiced\s_FVFB0_SX222_35090_40480.wav	1.0
G:\RP\timitsplit\unvoiced\dcl_s_t_FVKB0_SI529_6360_9817.wav	0.6666666666666666
G:\RP\timitsplit\unvoiced\s_t_FVKB0_SX259_24200_27775.wav	0.5
G:\RP\timitsplit\unvoiced\kcl_sh_FVMH0_SI1466_60360_62900.wav	1.0
G:\RP\timitsplit\unvoiced\sh_ax-h_t_FVMH0_SI836_35970_40060.wav	1.0
G:\RP\timitsplit\unvoiced\s_kcl_k_FVMH0_SX116_9734_12780.wav	0.3333333333333333
G:\RP\timitsplit\unvoiced\s_FVMH0_SX206_39930_47840.wav	0.0
G:\RP\timitsplit\unvoiced\q_FSJK1_SX395_17779_20720.wav	1.0
G:\RP\timitsplit\unvoiced\kcl_k_MABC0_SI1620_18040_22320.wav	1.5
G:\RP\timitsplit\unvoiced\dcl_f_MCEF0_SI1765_23436_25340.wav	1.0
G:\RP\timitsplit\unvoiced\s_MDEM0_SX338_51659_57280.wav	1.0
G:\RP\timitsplit\unvoiced\kcl_sh_MDWH0_SX215_54505_57682.wav	1.0
G:\RP\timitsplit\unvoiced\sh_MDWH0_SX395_36428_39400.wav	1.0
G:\RP\timitsplit\unvoiced\s_kcl_k_MEJS0_SI610_30280_33629.wav	0.3333333333333333
G:\RP\timitsplit\unvoiced\s_MJEB1_SI1467_42280_44930.wav	1.0
G:\RP\timitsplit\unvoiced\kcl_MJHI0_SX338_7160_8821.wav	1.0
G:\RP\timitsplit\unvoiced\dcl_s_MJLG1_SI1012_23425_26471.wav	0.5
G:\RP\timitsplit\unvoiced\s_MKLN0_SX338_45530_53680.wav	1.0
G:\RP\timitsplit\unvoiced\t_MMDB0_SI1617_22820_25520.wav	1.0
G:\RP\timitsplit\unvoiced\kcl_k_s_t_MMEA0_SI1388_28657_31630.wav	0.5
G:\RP\timitsplit\unvoiced\kcl_k_sh_MPRB0_SX215_54920_58561.wav	0.3333333333333333
G:\RP\timitsplit\unvoiced\kcl_k_s_kcl_k_MTBC0_SI543_5347_10760.wav	0.4
G:\RP\timitsplit\unvoiced\s_MTKP0_SX123_41550_47040.wav	0.0
G:\RP\timitsplit\unvoiced\s_FEAR0_SI1882_17320_19560.wav	1.0
G:\RP\timitsplit\unvoiced\s_FSJS0_SI541_54000_60160.wav	1.0
G:\RP\timitsplit\unvoiced\kcl_p_MGAK0_SX46_7420_9930.wav	1.0
G:\RP\timitsplit\unvoiced\s_MJRH0_SI1755_24280_26840.wav	1.0
G:\RP\timitsplit\unvoiced\sh_MMWS1_SI1701_6684_8691.wav	1.0
G:\RP\timitsplit\unvoiced\pcl_t_ax-h_pcl_p_MRTJ0_SI772_57520_64170.wav	0.4
G:\RP\timitsplit\unvoiced\dcl_k_MADD0_SI538_28323_31320.wav	0.5
G:\RP\timitsplit\unvoiced\s_MAPV0_SX123_54280_59440.wav	0.0
G:\RP\timitsplit\unvoiced\dcl_k_MBMA0_SX52_29744_32250.wav	1.0
G:\RP\timitsplit\unvoiced\dcl_k_MESG0_SI1962_14720_17930.wav	0.0
G:\RP\timitsplit\unvoiced\s_kcl_k_MFER0_SX52_6349_8725.wav	0.6666666666666666
G:\RP\timitsplit\unvoiced\t_s_MHXL0_SX152_41332_54160.wav	2.0
G:\RP\timitsplit\unvoiced\dcl_k_MJMM0_SI1885_13960_16167.wav	1.0
G:\RP\timitsplit\unvoiced\t_s_MMGK0_SX152_29280_33680.wav	0.5
G:\RP\timitsplit\unvoiced\th_t_MRGS0_SI726_45184_48837.wav	0.5
G:\RP\timitsplit\unvoiced\s_MRLK0_SX123_38420_51920.wav	1.0
G:\RP\timitsplit\unvoiced\pcl_MRSP0_SI2059_43505_51600.wav	2.0
G:\RP\timitsplit\unvoiced\s_MSAT1_SI2333_37010_42080.wav	1.0
G:\RP\timitsplit\unvoiced\dcl_k_MSMC0_SI647_33480_38280.wav	0.5
G:\RP\timitsplit\unvoiced\s_MTPG0_SX123_37860_41440.wav	0.0
G:\RP\timitsplit\unvoiced\s_f_MTRT0_SI1857_17880_21000.wav	1.0
G:\RP\timitsplit\unvoiced\sh_MABC0_SI2041_2751_4822.wav	1.0
G:\RP\timitsplit\unvoiced\kcl_k_s_MADD0_SI1295_15160_17838.wav	0.3333333333333333
G:\RP\timitsplit\unvoiced\s_t_MADD0_SX268_37320_39960.wav	0.5
G:\RP\timitsplit\unvoiced\pcl_p_MADD0_SX448_36553_41360.wav	1.5
G:\RP\timitsplit\unvoiced\dcl_t_ax-h_dcl_MAEB0_SI990_42200_45547.wav	0.75
G:\RP\timitsplit\unvoiced\pcl_s_hh_MAEB0_SX360_33480_37450.wav	0.6666666666666666
G:\RP\timitsplit\unvoiced\f_MAEB0_SX450_45997_49600.wav	1.0
G:\RP\timitsplit\unvoiced\kcl_k_MAEO0_SI1655_31320_44160.wav	1.0
G:\RP\timitsplit\unvoiced\kcl_k_s_pcl_p_MAEO0_SX156_3960_7268.wav	0.4
G:\RP\timitsplit\unvoiced\s_MAFM0_SX219_41667_45680.wav	1.0
G:\RP\timitsplit\unvoiced\kcl_k_s_pcl_p_MAJP0_SI1704_16226_19820.wav	0.2
G:\RP\timitsplit\unvoiced\kcl_k_th_MAJP0_SX174_50833_68320.wav	0.6666666666666666
G:\RP\timitsplit\unvoiced\pcl_p_s_MAJP0_SX444_33503_35770.wav	1.0
G:\RP\timitsplit\unvoiced\t_MAJP0_SX84_50470_59440.wav	2.0
G:\RP\timitsplit\unvoiced\t_ax-h_kcl_k_MAKB0_SI1016_2210_5050.wav	0.75
G:\RP\timitsplit\unvoiced\s_pcl_MAKB0_SX116_6326_10140.wav	0.0
G:\RP\timitsplit\unvoiced\s_MAKB0_SX206_40470_45280.wav	0.0
G:\RP\timitsplit\unvoiced\f_s_MAKB0_SX296_36224_41920.wav	0.5
G:\RP\timitsplit\unvoiced\sh_ch_MAKR0_SX272_7210_9940.wav	1.0
G:\RP\timitsplit\unvoiced\s_ax-h_s_MAKR0_SX92_26780_34080.wav	0.3333333333333333
G:\RP\timitsplit\unvoiced\kcl_k_s_t_MAPV0_SI1293_44040_47860.wav	0.25
G:\RP\timitsplit\unvoiced\s_t_MAPV0_SX213_40230_49280.wav	0.5
G:\RP\timitsplit\unvoiced\th_MARC0_SX18_33160_37360.wav	1.0
G:\RP\timitsplit\unvoiced\s_MARC0_SX198_8909_11070.wav	0.0
G:\RP\timitsplit\unvoiced\s_kcl_k_MARW0_SI1276_40440_46240.wav	0.0
G:\RP\timitsplit\unvoiced\s_t_MARW0_SX106_16600_19480.wav	0.5
G:\RP\timitsplit\unvoiced\pcl_MARW0_SX286_61880_69600.wav	1.0
G:\RP\timitsplit\unvoiced\dcl_MBAR0_SI1949_11960_13099.wav	1.0
G:\RP\timitsplit\unvoiced\th_MBBR0_SI2315_24120_26225.wav	1.0
G:\RP\timitsplit\unvoiced\kcl_k_MBBR0_SX245_25960_28270.wav	1.0
G:\RP\timitsplit\unvoiced\s_t_MBBR0_SX335_63900_68960.wav	1.5
G:\RP\timitsplit\unvoiced\pcl_p_MBCG0_SI2217_31080_34840.wav	0.5
G:\RP\timitsplit\unvoiced\f_MBCG0_SX237_21640_26720.wav	1.0
G:\RP\timitsplit\unvoiced\s_kcl_k_MBCG0_SX57_15456_18719.wav	0.0
G:\RP\timitsplit\unvoiced\s_MBGT0_SI711_45247_50560.wav	1.0
G:\RP\timitsplit\unvoiced\pcl_p_MBJV0_SI1247_4040_6120.wav	1.0
G:\RP\timitsplit\unvoiced\s_kcl_k_MBJV0_SX167_13910_17433.wav	0.6666666666666666
G:\RP\timitsplit\unvoiced\s_MBMA0_SI1222_17720_23400.wav	1.0
G:\RP\timitsplit\unvoiced\s_MBMA0_SI1852_2040_4520.wav	1.0
G:\RP\timitsplit\unvoiced\s_dcl_MBMA0_SI592_10760_13075.wav	0.5
G:\RP\timitsplit\unvoiced\s_pcl_p_MBML0_SI1169_8760_11613.wav	0.6666666666666666
G:\RP\timitsplit\unvoiced\sh_MBML0_SI539_17640_20120.wav	1.0
G:\RP\timitsplit\unvoiced\s_MBML0_SX179_38920_45040.wav	1.0
G:\RP\timitsplit\unvoiced\dcl_s_MBML0_SX449_16280_19049.wav	0.5
G:\RP\timitsplit\unvoiced\f_MBML0_SX89_23960_26360.wav	1.0
G:\RP\timitsplit\unvoiced\kcl_k_MBOM0_SI2274_29962_31620.wav	1.0
G:\RP\timitsplit\unvoiced\f_s_bcl_MBOM0_SX294_12908_16880.wav	0.3333333333333333
G:\RP\timitsplit\unvoiced\s_MBOM0_SX384_25190_29840.wav	0.0
G:\RP\timitsplit\unvoiced\kcl_sh_MBSB0_SI1353_32125_34120.wav	1.0
G:\RP\timitsplit\unvoiced\s_MBSB0_SI1983_15670_23280.wav	0.0
G:\RP\timitsplit\unvoiced\s_MBSB0_SX183_6210_7760.wav	1.0
G:\RP\timitsplit\unvoiced\s_MBTH0_SX122_52150_57680.wav	1.0
G:\RP\timitsplit\unvoiced\s_kcl_k_MBTH0_SX392_12310_15950.wav	0.0
G:\RP\timitsplit\unvoiced\s_t_MBWP0_SX259_18339_21300.wav	0.5
G:\RP\timitsplit\unvoiced\s_t_MBWP0_SX439_5390_8149.wav	1.0
G:\RP\timitsplit\unvoiced\dcl_s_MCAE0_SI1447_84160_90720.wav	0.5
G:\RP\timitsplit\unvoiced\s_MCAE0_SX367_53720_59680.wav	1.0
G:\RP\timitsplit\unvoiced\kcl_k_s_q_MCAL0_SI1768_7560_10923.wav	0.75
G:\RP\timitsplit\unvoiced\s_t_pcl_p_MCAL0_SX148_4280_8520.wav	0.5
G:\RP\timitsplit\unvoiced\s_MCDC0_SX122_47840_52320.wav	0.0
G:\RP\timitsplit\unvoiced\s_kcl_k_MCDC0_SX392_12720_15880.wav	0.6666666666666666
G:\RP\timitsplit\unvoiced\f_MCDD0_SX163_19068_21180.wav	1.0
G:\RP\timitsplit\unvoiced\kcl_k_MCDR0_SI1154_58446_63440.wav	1.5
G:\RP\timitsplit\unvoiced\s_MCDR0_SX164_56440_61280.wav	3.0
G:\RP\timitsplit\unvoiced\f_MCDR0_SX344_35320_40400.wav	1.0
G:\RP\timitsplit\unvoiced\s_p_MCDR0_SX74_32520_35560.wav	0.5
G:\RP\timitsplit\unvoiced\pcl_MCEF0_SI1135_36841_46000.wav	1.0
G:\RP\timitsplit\unvoiced\s_t_MCEF0_SI842_13531_16290.wav	1.0
G:\RP\timitsplit\unvoiced\kcl_k_MCEF0_SX235_19007_21180.wav	0.5
G:\RP\timitsplit\unvoiced\s_gcl_MCEF0_SX55_31310_33200.wav	1.0
G:\RP\timitsplit\unvoiced\kcl_k_MCEW0_SX362_14360_17000.wav	0.0
G:\RP\timitsplit\unvoiced\f_MCEW0_SX452_13074_15730.wav	1.0
G:\RP\timitsplit\unvoiced\s_MCEW0_SX92_40461_54080.wav	0.0
G:\RP\timitsplit\unvoiced\pcl_s_MCHL0_SX357_32119_37437.wav	1.5
G:\RP\timitsplit\unvoiced\sh_MCLK0_SI1660_18540_22349.wav	1.0
G:\RP\timitsplit\unvoiced\dcl_s_MCLK0_SX220_34923_38433.wav	0.5
G:\RP\timitsplit\unvoiced\s_t_MCLK0_SX310_16125_19190.wav	0.5
G:\RP\timitsplit\unvoiced\pcl_p_s_t_MCLK0_SX40_26268_30950.wav	0.25
G:\RP\timitsplit\unvoiced\sh_t_MCLM0_SI826_20120_22200.wav	1.0
G:\RP\timitsplit\unvoiced\sh_t_MCLM0_SX106_14826_17310.wav	1.0
G:\RP\timitsplit\unvoiced\kcl_p_MCLM0_SX196_17000_19470.wav	1.0
G:\RP\timitsplit\unvoiced\pcl_p_MCLM0_SX286_48040_52480.wav	1.5
G:\RP\timitsplit\unvoiced\s_MCPM0_SX294_19282_21849.wav	1.0
G:\RP\timitsplit\unvoiced\s_MCPM0_SX384_25717_31360.wav	0.0
G:\RP\timitsplit\unvoiced\dcl_p_MCRE0_SI1751_20440_23240.wav	1.0
G:\RP\timitsplit\unvoiced\s_MCRE0_SX41_50280_55680.wav	0.0
G:\RP\timitsplit\unvoiced\dcl_s_pcl_p_MCSS0_SI688_8000_12281.wav	0.25
G:\RP\timitsplit\unvoiced\kcl_k_MCSS0_SI750_40760_44160.wav	0.5
G:\RP\timitsplit\unvoiced\s_t_ax-h_bcl_MCTH0_SI1839_20920_24102.wav	0.75
G:\RP\timitsplit\unvoiced\s_t_bcl_MCTH0_SI579_46280_50063.wav	0.6666666666666666
G:\RP\timitsplit\unvoiced\f_MCTH0_SX219_26861_29080.wav	1.0
G:\RP\timitsplit\unvoiced\kcl_k_s_f_MCTM0_SI1350_37013_39860.wav	0.75
G:\RP\timitsplit\unvoiced\s_q_MCTM0_SX180_5270_7816.wav	0.5
G:\RP\timitsplit\unvoiced\pcl_p_s_hh_MCTM0_SX360_38057_41760.wav	0.0
G:\RP\timitsplit\unvoiced\s_MCXM0_SI1351_33462_35440.wav	1.0
G:\RP\timitsplit\unvoiced\s_pcl_p_MCXM0_SX91_6930_9845.wav	0.3333333333333333
G:\RP\timitsplit\unvoiced\dcl_MDAC0_SI1261_41480_43680.wav	1.0
G:\RP\timitsplit\unvoiced\sh_q_MDAC0_SX451_43240_46478.wav	0.5
G:\RP\timitsplit\unvoiced\s_kcl_k_MDAC0_SX91_26280_29201.wav	0.6666666666666666
G:\RP\timitsplit\unvoiced\kcl_k_s_MDAS0_SX96_22760_25691.wav	0.6666666666666666
G:\RP\timitsplit\unvoiced\t_s_MDBB1_SI1006_55090_61280.wav	1.0
G:\RP\timitsplit\unvoiced\s_t_MDBB1_SX106_14520_16862.wav	0.5
G:\RP\timitsplit\unvoiced\f_t_MDBB1_SX286_23720_31060.wav	1.0
G:\RP\timitsplit\unvoiced\s_t_MDBP0_SI528_24760_27480.wav	0.5
G:\RP\timitsplit\unvoiced\pcl_p_th_MDBP0_SX438_58325_61625.wav	0.3333333333333333
G:\RP\timitsplit\unvoiced\th_t_MDCD0_SI1415_24043_26620.wav	1.0
G:\RP\timitsplit\unvoiced\kcl_k_MDCD0_SX245_29720_31690.wav	1.0
G:\RP\timitsplit\unvoiced\s_t_MDCD0_SX335_65336_70000.wav	1.0
G:\RP\timitsplit\unvoiced\pcl_p_s_MDCM0_SI850_36804_43418.wav	0.0
G:\RP\timitsplit\unvoiced\q_s_MDCM0_SX310_30088_33346.wav	0.5
G:\RP\timitsplit\unvoiced\pcl_p_s_t_MDCM0_SX40_23901_27411.wav	0.75
G:\RP\timitsplit\unvoiced\kcl_p_MDDC0_SI1419_38361_41840.wav	1.0
G:\RP\timitsplit\unvoiced\s_t_MDED0_SI540_49529_52040.wav	0.5
G:\RP\timitsplit\unvoiced\pcl_p_s_hh_MDED0_SX360_37800_42760.wav	0.0
G:\RP\timitsplit\unvoiced\f_MDED0_SX450_51787_56160.wav	2.0
G:\RP\timitsplit\unvoiced\t_MDEM0_SI800_80200_83760.wav	1.0
G:\RP\timitsplit\unvoiced\s_t_MDEM0_SX158_37723_42800.wav	0.5
G:\RP\timitsplit\unvoiced\th_MDEM0_SX68_39320_51680.wav	2.0
G:\RP\timitsplit\unvoiced\s_MDHL0_SI2069_23920_25884.wav	1.0
G:\RP\timitsplit\unvoiced\s_MDHL0_SX179_43600_48560.wav	0.0
G:\RP\timitsplit\unvoiced\s_f_MDHL0_SX449_46680_49940.wav	0.5
G:\RP\timitsplit\unvoiced\f_MDHL0_SX89_27960_29880.wav	1.0
G:\RP\timitsplit\unvoiced\s_t_MDHS0_SI2160_29400_32320.wav	0.5
G:\RP\timitsplit\unvoiced\s_t_MDHS0_SX180_5720_8200.wav	0.5
G:\RP\timitsplit\unvoiced\pcl_p_s_hh_MDHS0_SX360_31633_34600.wav	0.75
G:\RP\timitsplit\unvoiced\f_MDHS0_SX450_45160_49520.wav	2.0
G:\RP\timitsplit\unvoiced\s_MDJM0_SX105_31670_35760.wav	0.0
G:\RP\timitsplit\unvoiced\s_MDJM0_SX195_26100_31600.wav	1.0
G:\RP\timitsplit\unvoiced\pcl_t_gcl_MDJM0_SX375_13953_16459.wav	1.0
G:\RP\timitsplit\unvoiced\dcl_s_MDKS0_SI1696_16480_18863.wav	1.0
G:\RP\timitsplit\unvoiced\pcl_p_s_t_ax-h_s_t_MDKS0_SX166_41160_50120.wav	0.2857142857142857
G:\RP\timitsplit\unvoiced\dcl_MDLB0_SI676_26760_31680.wav	2.0
G:\RP\timitsplit\unvoiced\kcl_k_s_MDLB0_SX136_63301_69920.wav	0.0
G:\RP\timitsplit\unvoiced\f_kcl_k_MDLB0_SX226_7880_12360.wav	1.0
G:\RP\timitsplit\unvoiced\dcl_MDLB0_SX46_35640_40400.wav	0.0
G:\RP\timitsplit\unvoiced\f_MDLC0_SI2025_62440_67440.wav	1.0
G:\RP\timitsplit\unvoiced\pcl_p_s_MDLC0_SI765_18280_20630.wav	0.6666666666666666
G:\RP\timitsplit\unvoiced\q_MDLC0_SX225_18297_20183.wav	1.0
G:\RP\timitsplit\unvoiced\s_kcl_k_MDLC1_SI2065_10760_14160.wav	0.0
G:\RP\timitsplit\unvoiced\t_MDLC1_SI2144_9680_10890.wav	1.0
G:\RP\timitsplit\unvoiced\q_MDLC1_SX355_19847_21360.wav	1.0
G:\RP\timitsplit\unvoiced\kcl_k_s_MDLC2_SX174_48840_56000.wav	0.0
G:\RP\timitsplit\unvoiced\pcl_p_s_MDLC2_SX444_33767_36383.wav	0.6666666666666666
G:\RP\timitsplit\unvoiced\s_MDLH0_SI700_4280_9067.wav	1.0
G:\RP\timitsplit\unvoiced\dcl_MDLH0_SX70_3320_4370.wav	1.0
G:\RP\timitsplit\unvoiced\pcl_p_ax-h_kcl_k_MDLM0_SI604_53458_57301.wav	0.2
G:\RP\timitsplit\unvoiced\s_t_MDLM0_SX424_28490_30579.wav	1.0
G:\RP\timitsplit\unvoiced\s_MDLM0_SX64_15880_18040.wav	1.0
G:\RP\timitsplit\unvoiced\s_p_MDLR0_SI1233_33160_37054.wav	0.5
G:\RP\timitsplit\unvoiced\s_t_MDLR0_SI1863_28120_30663.wav	0.5
G:\RP\timitsplit\unvoiced\f_t_MDLR1_SI1929_27960_31052.wav	0.5
G:\RP\timitsplit\unvoiced\s_MDLR1_SI669_17880_20120.wav	1.0
G:\RP\timitsplit\unvoiced\th_dcl_MDMA0_SI1238_12120_14680.wav	1.0
G:\RP\timitsplit\unvoiced\kcl_k_s_t_MDMA0_SI1430_39227_44870.wav	0.25
G:\RP\timitsplit\unvoiced\f_MDMA0_SI2060_45159_49760.wav	3.0
G:\RP\timitsplit\unvoiced\kcl_k_s_kcl_k_MDMA0_SX170_22440_26330.wav	0.6
G:\RP\timitsplit\unvoiced\s_pcl_p_MDMA0_SX350_24898_29200.wav	0.0
G:\RP\timitsplit\unvoiced\t_s_f_MDMT0_SX32_3696_6440.wav	1.0
G:\RP\timitsplit\unvoiced\s_kcl_k_MDMT0_SX392_11822_14788.wav	0.0
G:\RP\timitsplit\unvoiced\dcl_th_MDNS0_SI2271_4228_6740.wav	1.0
G:\RP\timitsplit\unvoiced\f_t_MDPB0_SI1760_21160_27040.wav	0.5
G:\RP\timitsplit\unvoiced\pcl_p_MDPB0_SX236_30680_33150.wav	1.0
G:\RP\timitsplit\unvoiced\kcl_k_MDPB0_SX416_30920_32970.wav	1.0
G:\RP\timitsplit\unvoiced\pcl_t_MDPB0_SX56_13201_15440.wav	1.0
G:\RP\timitsplit\unvoiced\th_MDPK0_SX63_29800_31650.wav	1.0
G:\RP\timitsplit\unvoiced\s_f_MDPS0_SX449_41720_44760.wav	0.5
G:\RP\timitsplit\unvoiced\dcl_t_MDPS0_SX89_7960_9630.wav	1.0
G:\RP\timitsplit\unvoiced\f_dcl_MDRD0_SI2012_9800_12100.wav	1.0
G:\RP\timitsplit\unvoiced\s_kcl_k_MDRD0_SI752_32780_36210.wav	0.0
G:\RP\timitsplit\unvoiced\s_kcl_k_MDRD0_SX392_12170_15780.wav	0.3333333333333333
G:\RP\timitsplit\unvoiced\s_pcl_p_MDSJ0_SI1462_2500_6110.wav	0.3333333333333333
G:\RP\timitsplit\unvoiced\s_MDSJ0_SX292_51038_55840.wav	0.0
G:\RP\timitsplit\unvoiced\s_kcl_k_MDSS0_SX171_17000_19550.wav	1.0
G:\RP\timitsplit\unvoiced\s_sh_MDWD0_SX360_28760_32119.wav	1.0
G:\RP\timitsplit\unvoiced\f_MDWD0_SX450_45336_51600.wav	3.0
G:\RP\timitsplit\unvoiced\s_t_MDWM0_SX106_17474_19830.wav	0.5
G:\RP\timitsplit\unvoiced\f_t_MDWM0_SX286_23302_28900.wav	0.5
G:\RP\timitsplit\unvoiced\f_s_bcl_MEDR0_SX294_10067_12863.wav	0.6666666666666666
G:\RP\timitsplit\unvoiced\s_MEDR0_SX384_25095_31200.wav	0.0
G:\RP\timitsplit\unvoiced\kcl_k_MEFG0_SI491_65302_67850.wav	1.0
G:\RP\timitsplit\unvoiced\t_MEFG0_SI598_69031_73360.wav	2.0
G:\RP\timitsplit\unvoiced\kcl_s_pcl_p_MEFG0_SX105_8313_11240.wav	0.75
G:\RP\timitsplit\unvoiced\t_s_MEFG0_SX195_28520_33520.wav	1.0
G:\RP\timitsplit\unvoiced\s_MEFG0_SX375_45320_47480.wav	1.0
G:\RP\timitsplit\unvoiced\t_MEGJ0_SI707_50380_52640.wav	1.0
G:\RP\timitsplit\unvoiced\f_s_kcl_k_MEGJ0_SX167_17080_20660.wav	0.75
G:\RP\timitsplit\unvoiced\pcl_p_MEGJ0_SX257_9240_10861.wav	1.0
G:\RP\timitsplit\unvoiced\s_MEGJ0_SX437_57469_62000.wav	0.0
G:\RP\timitsplit\unvoiced\t_s_MEJL0_SX152_34960_40160.wav	0.5
G:\RP\timitsplit\unvoiced\s_MEJS0_SX430_19240_27738.wav	2.0
G:\RP\timitsplit\unvoiced\q_MEJS0_SX70_8520_9274.wav	1.0
G:\RP\timitsplit\unvoiced\t_s_MESG0_SI1332_43680_48000.wav	0.5
G:\RP\timitsplit\unvoiced\s_bcl_MESG0_SX252_8680_11240.wav	1.0
G:\RP\timitsplit\unvoiced\dcl_MESG0_SX72_23480_26800.wav	2.0
G:\RP\timitsplit\unvoiced\pcl_p_MESJ0_SI2257_30760_36080.wav	0.5
G:\RP\timitsplit\unvoiced\kcl_k_MESJ0_SI997_25978_27870.wav	1.0
G:\RP\timitsplit\unvoiced\s_MESJ0_SX367_38170_42000.wav	0.0
G:\RP\timitsplit\unvoiced\gcl_MEWM0_SI1978_19323_22000.wav	1.0
G:\RP\timitsplit\unvoiced\s_t_MEWM0_SX268_30788_32916.wav	0.5
G:\RP\timitsplit\unvoiced\s_ax-h_f_MEWM0_SX448_2210_6080.wav	1.0
G:\RP\timitsplit\unvoiced\s_f_MFMC0_SI1762_15540_18100.wav	1.0
G:\RP\timitsplit\unvoiced\s_gcl_MFMC0_SX52_22178_25790.wav	0.5
G:\RP\timitsplit\unvoiced\kcl_k_s_th_MFRM0_SX165_27195_30120.wav	1.0
G:\RP\timitsplit\unvoiced\sh_s_MFRM0_SX345_5240_7960.wav	0.5
G:\RP\timitsplit\unvoiced\dcl_MFWK0_SI1879_34422_39280.wav	3.0
G:\RP\timitsplit\unvoiced\pcl_p_MFWK0_SI619_4040_6266.wav	1.0
G:\RP\timitsplit\unvoiced\s_t_MFWK0_SX259_18120_20261.wav	1.0
G:\RP\timitsplit\unvoiced\s_t_MFWK0_SX439_4511_8040.wav	0.5
G:\RP\timitsplit\unvoiced\pcl_p_MFXS0_SI2225_18380_20490.wav	1.0
G:\RP\timitsplit\unvoiced\th_q_MFXS0_SX324_29480_32773.wav	1.0
G:\RP\timitsplit\unvoiced\kcl_k_s_pcl_p_MFXV0_SX105_8771_12000.wav	0.8
G:\RP\timitsplit\unvoiced\s_MFXV0_SX195_25390_30160.wav	0.0
G:\RP\timitsplit\unvoiced\pcl_t_gcl_MFXV0_SX375_16767_19790.wav	0.3333333333333333
G:\RP\timitsplit\unvoiced\s_t_MGAF0_SI1912_43720_46200.wav	0.5
G:\RP\timitsplit\unvoiced\kcl_s_kcl_k_MGAF0_SX292_6120_9239.wav	0.5
G:\RP\timitsplit\unvoiced\kcl_k_s_MGAG0_SI645_24760_28520.wav	0.0
G:\RP\timitsplit\unvoiced\kcl_k_s_MGAK0_SX136_68760_75600.wav	0.0
G:\RP\timitsplit\unvoiced\f_kcl_k_MGAK0_SX226_7937_12030.wav	0.6666666666666666
G:\RP\timitsplit\unvoiced\f_MGAW0_SX355_5263_6546.wav	1.0
G:\RP\timitsplit\unvoiced\s_MGES0_SI851_28783_30899.wav	1.0
G:\RP\timitsplit\unvoiced\kcl_k_s_t_MGES0_SX221_21347_23715.wav	0.75
G:\RP\timitsplit\unvoiced\s_kcl_k_MGES0_SX41_16405_18968.wav	0.6666666666666666
G:\RP\timitsplit\unvoiced\q_sh_MGJC0_SI1965_41762_45050.wav	0.5
G:\RP\timitsplit\unvoiced\kcl_s_th_MGJC0_SX165_35640_39270.wav	0.3333333333333333
G:\RP\timitsplit\unvoiced\sh_s_MGJC0_SX345_6920_12084.wav	0.5
G:\RP\timitsplit\unvoiced\pcl_t_MGRL0_SI2127_27640_44080.wav	0.5
G:\RP\timitsplit\unvoiced\pcl_p_MGRL0_SI867_40520_42510.wav	1.0
G:\RP\timitsplit\unvoiced\f_MGRL0_SX237_15640_20080.wav	1.0
G:\RP\timitsplit\unvoiced\f_MGRP0_SX237_23320_32800.wav	1.0
G:\RP\timitsplit\unvoiced\s_MGSH0_SI1176_70655_74320.wav	1.0
G:\RP\timitsplit\unvoiced\s_MGSH0_SI546_16459_18798.wav	1.0
G:\RP\timitsplit\unvoiced\s_t_MGSH0_SX96_34040_37581.wav	0.5
G:\RP\timitsplit\unvoiced\kcl_k_MGSL0_SI1164_25080_26920.wav	1.0
G:\RP\timitsplit\unvoiced\s_f_MGSL0_SI534_25000_29080.wav	0.5
G:\RP\timitsplit\unvoiced\kcl_k_s_MGSL0_SX174_53160_60800.wav	0.6666666666666666
G:\RP\timitsplit\unvoiced\pcl_s_MGSL0_SX444_46853_50488.wav	0.5
G:\RP\timitsplit\unvoiced\s_pcl_p_MGSL0_SX84_46513_50520.wav	0.0
G:\RP\timitsplit\unvoiced\f_MGXP0_SI457_5000_8187.wav	1.0
G:\RP\timitsplit\unvoiced\t_MGXP0_SX277_38200_44080.wav	3.0
G:\RP\timitsplit\unvoiced\s_MGXP0_SX367_49102_54960.wav	0.0
G:\RP\timitsplit\unvoiced\kcl_k_MGXP0_SX97_37806_44320.wav	0.0
G:\RP\timitsplit\unvoiced\kcl_k_MHBS0_SI1575_38099_41680.wav	0.5
G:\RP\timitsplit\unvoiced\th_MHBS0_SX225_6440_7970.wav	1.0
G:\RP\timitsplit\unvoiced\s_MHIT0_SX263_24136_25942.wav	1.0
G:\RP\timitsplit\unvoiced\s_sh_MHIT0_SX353_27738_33144.wav	0.0
G:\RP\timitsplit\unvoiced\dcl_q_MHIT0_SX83_31398_34653.wav	1.0
G:\RP\timitsplit\unvoiced\s_hh_MHJB0_SI1017_29240_31300.wav	0.5
G:\RP\timitsplit\unvoiced\kcl_MHJB0_SX27_21880_23979.wav	1.0
G:\RP\timitsplit\unvoiced\kcl_s_MHJB0_SX387_33844_36109.wav	0.5
G:\RP\timitsplit\unvoiced\s_MHMG0_SX105_31790_36080.wav	0.0
G:\RP\timitsplit\unvoiced\s_MHMG0_SX195_23410_27680.wav	0.0
G:\RP\timitsplit\unvoiced\pcl_p_MHMG0_SX375_14788_16840.wav	1.0
G:\RP\timitsplit\unvoiced\pcl_p_MHRM0_SI1475_18444_20030.wav	1.0
G:\RP\timitsplit\unvoiced\s_kcl_k_MHRM0_SI958_9070_13080.wav	0.6666666666666666
G:\RP\timitsplit\unvoiced\s_p_MHRM0_SX148_4350_7640.wav	0.5
G:\RP\timitsplit\unvoiced\s_MHXL0_SI512_38684_43760.wav	0.0
G:\RP\timitsplit\unvoiced\s_kcl_k_MILB0_SI903_25900_29500.wav	0.0
G:\RP\timitsplit\unvoiced\s_MILB0_SX183_6760_8717.wav	1.0
G:\RP\timitsplit\unvoiced\s_MJAC0_SI1331_23822_26150.wav	1.0
G:\RP\timitsplit\unvoiced\s_MJAC0_SI701_63730_70960.wav	2.0
G:\RP\timitsplit\unvoiced\dcl_MJAC0_SX307_18240_19330.wav	1.0
G:\RP\timitsplit\unvoiced\hh_MJAE0_SI1999_29080_36880.wav	2.0
G:\RP\timitsplit\unvoiced\kcl_k_s_MJAE0_SX174_54440_60560.wav	0.0
G:\RP\timitsplit\unvoiced\f_MJAE0_SX444_11080_13690.wav	1.0
G:\RP\timitsplit\unvoiced\s_t_MJAI0_SX164_46720_52560.wav	0.5
G:\RP\timitsplit\unvoiced\f_MJAI0_SX344_31880_37200.wav	1.0
G:\RP\timitsplit\unvoiced\s_p_MJAI0_SX74_26120_29182.wav	0.5
G:\RP\timitsplit\unvoiced\f_MJBG0_SI1724_13800_16280.wav	1.0
G:\RP\timitsplit\unvoiced\t_s_MJBG0_SX152_47711_52480.wav	0.5
G:\RP\timitsplit\unvoiced\kcl_th_ax-h_pcl_p_MJDA0_SX221_11613_15305.wav	0.8
G:\RP\timitsplit\unvoiced\s_MJDA0_SX41_44660_49200.wav	0.0
G:\RP\timitsplit\unvoiced\dcl_MJDC0_SX171_50200_53120.wav	1.0
G:\RP\timitsplit\unvoiced\s_MJDE0_SI1120_87400_100000.wav	0.0
G:\RP\timitsplit\unvoiced\sh_MJDE0_SI463_19000_22440.wav	0.0
G:\RP\timitsplit\unvoiced\kcl_k_t_MJDE0_SX220_61560_65320.wav	0.3333333333333333
G:\RP\timitsplit\unvoiced\pcl_MJDE0_SX310_20920_25400.wav	2.0
G:\RP\timitsplit\unvoiced\pcl_p_s_t_MJDE0_SX40_36200_41000.wav	0.75
G:\RP\timitsplit\unvoiced\t_MJDG0_SI1672_37327_44850.wav	3.0
G:\RP\timitsplit\unvoiced\s_ax-h_kcl_k_MJDG0_SX52_7603_10480.wav	0.5
G:\RP\timitsplit\unvoiced\gcl_MJDM0_SI1937_9640_10890.wav	1.0
G:\RP\timitsplit\unvoiced\s_MJDM0_SX170_69276_81360.wav	1.0
G:\RP\timitsplit\unvoiced\f_MJDM0_SX260_37639_41020.wav	1.0
G:\RP\timitsplit\unvoiced\dcl_p_MJEB0_SI1286_21000_23603.wav	1.0
G:\RP\timitsplit\unvoiced\s_MJEB0_SI1916_28980_31370.wav	1.0
G:\RP\timitsplit\unvoiced\s_MJEB0_SX206_40710_53680.wav	2.0
G:\RP\timitsplit\unvoiced\f_s_MJEB0_SX296_35880_41760.wav	0.5
G:\RP\timitsplit\unvoiced\kcl_MJEB1_SX27_22360_24320.wav	1.0
G:\RP\timitsplit\unvoiced\dcl_s_sh_MJEB1_SX387_18680_23210.wav	1.0
G:\RP\timitsplit\unvoiced\s_ax-h_s_MJEE0_SX67_53880_62720.wav	0.6666666666666666
G:\RP\timitsplit\unvoiced\kcl_MJFH0_SX27_19640_21640.wav	1.0
G:\RP\timitsplit\unvoiced\dcl_s_MJFH0_SX387_15880_18840.wav	0.5
G:\RP\timitsplit\unvoiced\kcl_s_th_MJFR0_SX165_34520_38350.wav	0.6666666666666666
G:\RP\timitsplit\unvoiced\kcl_k_MJHI0_SI555_24160_26280.wav	0.5
G:\RP\timitsplit\unvoiced\s_t_MJHI0_SX158_27320_32960.wav	1.0
G:\RP\timitsplit\unvoiced\th_MJHI0_SX68_33880_39360.wav	2.0
G:\RP\timitsplit\unvoiced\pcl_s_MJJB0_SI1277_25640_36800.wav	0.5
G:\RP\timitsplit\unvoiced\s_ax-h_pcl_p_MJJB0_SI1769_2120_6200.wav	0.25
G:\RP\timitsplit\unvoiced\s_t_MJJJ0_SI1163_25720_29240.wav	0.5
G:\RP\timitsplit\unvoiced\s_MJJJ0_SI1793_17080_20344.wav	1.0
G:\RP\timitsplit\unvoiced\kcl_k_MJJJ0_SX263_19160_21000.wav	1.0
G:\RP\timitsplit\unvoiced\sh_MJJJ0_SX353_45480_50480.wav	1.0
G:\RP\timitsplit\unvoiced\s_t_MJJJ0_SX83_5720_8522.wav	0.5
G:\RP\timitsplit\unvoiced\t_s_t_MJKR0_SI1831_23880_27613.wav	0.6666666666666666
G:\RP\timitsplit\unvoiced\kcl_k_s_kcl_k_MJLG1_SX292_5640_9400.wav	0.6
G:\RP\timitsplit\unvoiced\s_t_MJLS0_SI466_26840_29960.wav	0.5
G:\RP\timitsplit\unvoiced\s_t_MJLS0_SX106_17320_19880.wav	0.5
G:\RP\timitsplit\unvoiced\kcl_p_MJLS0_SX196_18040_20760.wav	1.0
G:\RP\timitsplit\unvoiced\f_t_MJLS0_SX286_24440_31320.wav	0.5
G:\RP\timitsplit\unvoiced\kcl_k_MJMA0_SX235_17720_19258.wav	1.0
G:\RP\timitsplit\unvoiced\s_MJMA0_SX55_41077_45520.wav	0.0
G:\RP\timitsplit\unvoiced\s_MJMD0_SX308_35342_40400.wav	0.0
G:\RP\timitsplit\unvoiced\kcl_k_ax-h_t_MJMM0_SI1255_22920_26840.wav	0.75
G:\RP\timitsplit\unvoiced\s_MJMM0_SX355_31945_37520.wav	1.0
G:\RP\timitsplit\unvoiced\dcl_MJPM0_SI738_33240_44640.wav	4.0
G:\RP\timitsplit\unvoiced\th_MJPM0_SX18_34440_38640.wav	1.0
G:\RP\timitsplit\unvoiced\s_MJPM0_SX378_5680_7639.wav	1.0
G:\RP\timitsplit\unvoiced\dcl_MJPM1_SI1897_20520_22720.wav	1.0
G:\RP\timitsplit\unvoiced\kcl_s_t_MJPM1_SX221_29160_31874.wav	0.3333333333333333
G:\RP\timitsplit\unvoiced\s_MJPM1_SX41_56043_59280.wav	0.0
G:\RP\timitsplit\unvoiced\s_th_MJRA0_SI1866_35560_40520.wav	0.5
G:\RP\timitsplit\unvoiced\dcl_MJRA0_SX156_43560_47440.wav	1.0
G:\RP\timitsplit\unvoiced\th_MJRA0_SX426_31960_34548.wav	1.0
G:\RP\timitsplit\unvoiced\f_t_MJRG0_SX286_22600_32830.wav	1.5
G:\RP\timitsplit\unvoiced\s_t_MJRH1_SX154_41800_46880.wav	0.5
G:\RP\timitsplit\unvoiced\s_q_MJRH1_SX64_18280_20818.wav	0.5
G:\RP\timitsplit\unvoiced\t_MJRK0_SX70_15600_18560.wav	1.0
G:\RP\timitsplit\unvoiced\s_MJRP0_SX45_36695_40880.wav	0.0
G:\RP\timitsplit\unvoiced\f_MJSR0_SX344_38120_48800.wav	2.0
G:\RP\timitsplit\unvoiced\s_pcl_p_MJSR0_SX74_34280_37179.wav	0.0
G:\RP\timitsplit\unvoiced\sh_MJWG0_SI895_86050_93680.wav	1.0
G:\RP\timitsplit\unvoiced\f_MJWG0_SX355_6760_8410.wav	1.0
G:\RP\timitsplit\unvoiced\s_MJWG0_SX85_2420_5120.wav	1.0
G:\RP\timitsplit\unvoiced\s_pcl_p_MJWT0_SI1291_52000_55180.wav	1.0
G:\RP\timitsplit\unvoiced\dcl_MJXA0_SI2137_36595_41520.wav	1.0
G:\RP\timitsplit\unvoiced\s_MJXA0_SX67_44620_48960.wav	0.0
G:\RP\timitsplit\unvoiced\s_MJXL0_SX362_21320_24271.wav	0.0
G:\RP\timitsplit\unvoiced\f_MJXL0_SX452_12908_15480.wav	1.0
G:\RP\timitsplit\unvoiced\pcl_p_MJXL0_SX92_32200_33963.wav	1.0
G:\RP\timitsplit\unvoiced\dcl_t_MKAG0_SX259_47231_51520.wav	1.0
G:\RP\timitsplit\unvoiced\kcl_k_MKAG0_SX439_28920_32230.wav	0.0
G:\RP\timitsplit\unvoiced\kcl_k_MKAH0_SI1528_41240_46400.wav	1.5
G:\RP\timitsplit\unvoiced\f_dcl_MKAH0_SI2158_24760_28200.wav	1.0
G:\RP\timitsplit\unvoiced\s_MKAH0_SX268_47410_51760.wav	1.0
G:\RP\timitsplit\unvoiced\pcl_p_MKAH0_SX448_35634_44480.wav	2.0
G:\RP\timitsplit\unvoiced\f_MKAJ0_SI1414_23400_25450.wav	1.0
G:\RP\timitsplit\unvoiced\kcl_k_MKAJ0_SX64_24360_26234.wav	1.0
G:\RP\timitsplit\unvoiced\t_s_MKAM0_SI1465_37480_43800.wav	0.5
G:\RP\timitsplit\unvoiced\dcl_MKAM0_SX236_34798_39920.wav	4.0
G:\RP\timitsplit\unvoiced\pcl_p_MKAM0_SX416_9960_11822.wav	1.0
G:\RP\timitsplit\unvoiced\pcl_t_ax-h_t_MKAM0_SX56_12840_16643.wav	0.75
G:\RP\timitsplit\unvoiced\t_s_MKDB0_SX152_40960_46960.wav	0.5
G:\RP\timitsplit\unvoiced\s_MKDD0_SI937_61913_66160.wav	1.0
G:\RP\timitsplit\unvoiced\s_MKDD0_SX217_25524_29600.wav	0.0
G:\RP\timitsplit\unvoiced\s_MKDD0_SX307_10485_12267.wav	1.0
G:\RP\timitsplit\unvoiced\s_MKDD0_SX37_39210_43440.wav	0.0
G:\RP\timitsplit\unvoiced\t_MKDT0_SI2153_28830_30380.wav	1.0
G:\RP\timitsplit\unvoiced\s_MKDT0_SX263_23090_24930.wav	1.0
G:\RP\timitsplit\unvoiced\s_pcl_p_MKDT0_SX83_19240_21842.wav	0.3333333333333333
G:\RP\timitsplit\unvoiced\f_s_MKES0_SI1253_36720_39240.wav	1.0
G:\RP\timitsplit\unvoiced\kcl_k_MKES0_SI1883_55560_61200.wav	0.5
G:\RP\timitsplit\unvoiced\s_MKES0_SI623_61747_66720.wav	0.0
G:\RP\timitsplit\unvoiced\s_MKES0_SX263_25483_27640.wav	1.0
G:\RP\timitsplit\unvoiced\s_sh_MKES0_SX353_28840_37800.wav	0.5
G:\RP\timitsplit\unvoiced\s_t_MKES0_SX83_7018_9984.wav	0.5
G:\RP\timitsplit\unvoiced\s_MKJO0_SI1517_43990_49600.wav	0.0
G:\RP\timitsplit\unvoiced\q_MKJO0_SI2147_31206_33920.wav	1.0
G:\RP\timitsplit\unvoiced\f_s_kcl_k_MKJO0_SX167_12829_16710.wav	1.0
G:\RP\timitsplit\unvoiced\q_MKJO0_SX257_9095_10151.wav	1.0
G:\RP\timitsplit\unvoiced\kcl_k_MKJO0_SX424_23400_25400.wav	1.0
G:\RP\timitsplit\unvoiced\s_s_MKJO0_SX437_48760_55200.wav	0.5
G:\RP\timitsplit\unvoiced\s_hh_MKLN0_SI968_26443_29500.wav	0.5
G:\RP\timitsplit\unvoiced\s_t_MKLN0_SX158_28532_33840.wav	1.0
G:\RP\timitsplit\unvoiced\s_t_MKLN0_SX68_19080_22964.wav	0.5
G:\RP\timitsplit\unvoiced\kcl_k_MKLR0_SI1689_21960_24580.wav	0.5
G:\RP\timitsplit\unvoiced\s_kcl_MKLR0_SI2319_19190_21120.wav	1.0
G:\RP\timitsplit\unvoiced\s_MKLS0_SI1533_14810_16793.wav	1.0
G:\RP\timitsplit\unvoiced\th_MKLS1_SI1545_47480_51520.wav	3.0
G:\RP\timitsplit\unvoiced\s_t_q_MKLS1_SX105_8760_12256.wav	0.6666666666666666
G:\RP\timitsplit\unvoiced\t_s_MKLS1_SX195_26800_31600.wav	0.5
G:\RP\timitsplit\unvoiced\pcl_t_gcl_MKLS1_SX375_14957_18220.wav	0.6666666666666666
G:\RP\timitsplit\unvoiced\s_MKLW0_SI1571_70153_82240.wav	1.0
G:\RP\timitsplit\unvoiced\s_MKLW0_SI2201_24785_30320.wav	0.0
G:\RP\timitsplit\unvoiced\kcl_sh_MKLW0_SX221_30680_33193.wav	1.0
G:\RP\timitsplit\unvoiced\dcl_q_MKRG0_SI1491_13075_17378.wav	1.0
G:\RP\timitsplit\unvoiced\s_t_MKRG0_SI2121_53608_58983.wav	1.0
G:\RP\timitsplit\unvoiced\s_pcl_p_MKRG0_SX141_12980_16336.wav	0.0
G:\RP\timitsplit\unvoiced\kcl_s_t_MKRG0_SX51_7962_10861.wav	0.6666666666666666
G:\RP\timitsplit\unvoiced\s_t_MKXL0_SI1185_30440_32710.wav	1.0
G:\RP\timitsplit\unvoiced\kcl_k_s_pcl_p_MKXL0_SX105_9320_12680.wav	0.2
G:\RP\timitsplit\unvoiced\s_MKXL0_SX195_27112_32000.wav	0.0
G:\RP\timitsplit\unvoiced\pcl_p_gcl_MKXL0_SX375_13720_16208.wav	1.0
G:\RP\timitsplit\unvoiced\kcl_k_MLBC0_SI1869_28806_33520.wav	0.0
G:\RP\timitsplit\unvoiced\s_pcl_p_MLEL0_SI1876_14760_18840.wav	0.0
G:\RP\timitsplit\unvoiced\s_kcl_k_MLEL0_SI616_34660_37723.wav	1.0
G:\RP\timitsplit\unvoiced\pcl_p_s_t_MLEL0_SX166_35800_40013.wav	0.5
G:\RP\timitsplit\unvoiced\kcl_k_s_t_MLJC0_SI1225_35120_39560.wav	0.75
G:\RP\timitsplit\unvoiced\s_MLJC0_SI595_40520_44880.wav	0.0
G:\RP\timitsplit\unvoiced\kcl_k_MLJC0_SX235_22840_25107.wav	0.5
G:\RP\timitsplit\unvoiced\s_MLJC0_SX55_38391_43520.wav	0.0
G:\RP\timitsplit\unvoiced\s_t_MLJH0_SX154_46307_53200.wav	0.5
G:\RP\timitsplit\unvoiced\s_MLJH0_SX64_25030_28300.wav	1.0
G:\RP\timitsplit\unvoiced\kcl_s_MLNS0_SI2037_13409_15458.wav	1.0
G:\RP\timitsplit\unvoiced\kcl_k_s_t_MLNS0_SI777_14560_17260.wav	0.5
G:\RP\timitsplit\unvoiced\f_MLNS0_SX237_21240_25520.wav	1.0
G:\RP\timitsplit\unvoiced\s_MLSH0_SI1417_26736_28741.wav	1.0
G:\RP\timitsplit\unvoiced\dcl_MLSH0_SI2047_38809_44560.wav	1.0
G:\RP\timitsplit\unvoiced\s_MLSH0_SI787_40508_45200.wav	1.0
G:\RP\timitsplit\unvoiced\s_MLSH0_SX67_50470_54800.wav	0.0
G:\RP\timitsplit\unvoiced\kcl_t_MMAA0_SI2105_32200_39120.wav	0.5
G:\RP\timitsplit\unvoiced\kcl_sh_MMAA0_SX215_42360_45070.wav	1.0
G:\RP\timitsplit\unvoiced\sh_MMAA0_SX395_26820_29190.wav	1.0
G:\RP\timitsplit\unvoiced\s_MMAB1_SI2124_9216_11728.wav	0.0
G:\RP\timitsplit\unvoiced\dcl_MMAG0_SI1126_17336_22494.wav	4.0
G:\RP\timitsplit\unvoiced\pcl_p_MMAG0_SI1756_47960_50360.wav	1.0
G:\RP\timitsplit\unvoiced\kcl_k_s_MMAG0_SX136_59480_66720.wav	0.0
G:\RP\timitsplit\unvoiced\gcl_ch_MMAG0_SX316_12449_16440.wav	0.5
G:\RP\timitsplit\unvoiced\kcl_p_MMAG0_SX46_7880_11050.wav	1.0
G:\RP\timitsplit\unvoiced\s_MMAM0_SI1668_22250_24037.wav	1.0
G:\RP\timitsplit\unvoiced\kcl_t_MMAR0_SI1966_68040_70888.wav	1.0
G:\RP\timitsplit\unvoiced\pcl_p_s_t_MMAR0_SX166_45320_54008.wav	0.5
G:\RP\timitsplit\unvoiced\s_MMBS0_SI521_67636_76320.wav	1.0
G:\RP\timitsplit\unvoiced\kcl_k_s_MMCC0_SI708_29800_32140.wav	0.3333333333333333
G:\RP\timitsplit\unvoiced\kcl_k_MMCC0_SX438_36762_39150.wav	1.0
G:\RP\timitsplit\unvoiced\kcl_k_MMDB0_SI1358_43422_45646.wav	1.0
G:\RP\timitsplit\unvoiced\pcl_s_MMDB0_SX357_28600_36081.wav	1.0
G:\RP\timitsplit\unvoiced\sh_MMDG0_SI2035_21000_24200.wav	1.0
G:\RP\timitsplit\unvoiced\s_f_MMDG0_SI520_11480_15720.wav	0.0
G:\RP\timitsplit\unvoiced\s_s_MMDG0_SX430_20680_24920.wav	0.5
G:\RP\timitsplit\unvoiced\q_MMDG0_SX70_10280_11237.wav	1.0
G:\RP\timitsplit\unvoiced\sh_MMDM1_SI1650_8650_10800.wav	1.0
G:\RP\timitsplit\unvoiced\f_t_MMDM1_SX63_16440_19460.wav	1.5
G:\RP\timitsplit\unvoiced\s_MMDS0_SX263_26067_27824.wav	1.0
G:\RP\timitsplit\unvoiced\sh_MMDS0_SX353_36120_40880.wav	1.0
G:\RP\timitsplit\unvoiced\s_t_MMDS0_SX83_6110_8510.wav	0.5
G:\RP\timitsplit\unvoiced\sh_MMEA0_SI2018_5790_7850.wav	1.0
G:\RP\timitsplit\unvoiced\pcl_p_ax-h_pcl_p_MMEA0_SI758_47000_51620.wav	0.8
G:\RP\timitsplit\unvoiced\kcl_k_MMEA0_SX218_20447_22740.wav	1.0
G:\RP\timitsplit\unvoiced\s_MMEA0_SX308_34210_38960.wav	1.0
G:\RP\timitsplit\unvoiced\s_MMEB0_SX367_36830_41760.wav	0.0
G:\RP\timitsplit\unvoiced\pcl_th_ax-h_th_MMGC0_SX225_4440_8840.wav	1.0
G:\RP\timitsplit\unvoiced\s_MMGG0_SX179_43570_48240.wav	0.0
G:\RP\timitsplit\unvoiced\th_f_MMGG0_SX449_32682_35270.wav	1.0
G:\RP\timitsplit\unvoiced\f_MMGG0_SX89_26840_29080.wav	1.0
G:\RP\timitsplit\unvoiced\s_MMJB1_SI2038_31270_38791.wav	0.0
G:\RP\timitsplit\unvoiced\s_p_MMJB1_SX148_4510_8450.wav	0.5
G:\RP\timitsplit\unvoiced\f_sh_MMLM0_SI2150_31400_33600.wav	1.0
G:\RP\timitsplit\unvoiced\pcl_p_s_MMLM0_SX357_28840_32000.wav	0.3333333333333333
G:\RP\timitsplit\unvoiced\s_t_MMPM0_SI1691_25400_27518.wav	0.5
G:\RP\timitsplit\unvoiced\dcl_sh_MMPM0_SI2321_31490_33606.wav	1.0
G:\RP\timitsplit\unvoiced\s_kcl_k_MMSM0_SX116_11000_14537.wav	0.0
G:\RP\timitsplit\unvoiced\s_MMSM0_SX206_46859_51440.wav	0.0
G:\RP\timitsplit\unvoiced\f_s_MMSM0_SX296_35720_40800.wav	0.0
G:\RP\timitsplit\unvoiced\f_s_bcl_MMVP0_SX294_13903_17510.wav	1.0
G:\RP\timitsplit\unvoiced\s_s_kcl_k_MMVP0_SX384_22260_29570.wav	0.0
G:\RP\timitsplit\unvoiced\kcl_k_MMWB0_SI2249_55480_58400.wav	1.0
G:\RP\timitsplit\unvoiced\s_MMWB0_SX179_15250_18260.wav	0.0
G:\RP\timitsplit\unvoiced\f_pcl_p_MMWB0_SX449_7204_12700.wav	0.3333333333333333
G:\RP\timitsplit\unvoiced\dcl_t_ax-h_t_MMWB0_SX89_9586_14540.wav	1.0
G:\RP\timitsplit\unvoiced\q_MMWS0_SI559_25383_32080.wav	1.0
G:\RP\timitsplit\unvoiced\kcl_k_s_MMWS0_SX258_28273_31018.wav	0.3333333333333333
G:\RP\timitsplit\unvoiced\kcl_k_MMWS0_SX438_11400_14200.wav	0.0
G:\RP\timitsplit\unvoiced\pcl_p_MMWS1_SI2331_7480_9290.wav	1.0
G:\RP\timitsplit\unvoiced\kcl_MMWS1_SX27_19280_21122.wav	1.0
G:\RP\timitsplit\unvoiced\f_MMXS0_SI629_52600_54650.wav	1.0
G:\RP\timitsplit\unvoiced\kcl_k_s_pcl_p_MMXS0_SX156_4762_8313.wav	1.0
G:\RP\timitsplit\unvoiced\th_MMXS0_SX426_31560_34380.wav	1.0
G:\RP\timitsplit\unvoiced\f_MNET0_SI1446_25839_28156.wav	1.0
G:\RP\timitsplit\unvoiced\s_kcl_k_MNET0_SX96_4950_7800.wav	0.6666666666666666
G:\RP\timitsplit\unvoiced\s_pcl_p_MNTW0_SI1068_37013_40300.wav	0.0
G:\RP\timitsplit\unvoiced\kcl_k_s_MPAR0_SX136_48663_55200.wav	0.0
G:\RP\timitsplit\unvoiced\kcl_p_MPAR0_SX46_6964_9234.wav	1.0
G:\RP\timitsplit\unvoiced\s_MPEB0_SI1034_4762_7247.wav	0.0
G:\RP\timitsplit\unvoiced\dcl_s_sh_MPEB0_SI1860_12520_19174.wav	0.3333333333333333
G:\RP\timitsplit\unvoiced\s_pcl_p_MPEB0_SX330_15160_18040.wav	0.3333333333333333
G:\RP\timitsplit\unvoiced\pcl_p_MPFU0_SI1258_59800_62771.wav	0.5
G:\RP\timitsplit\unvoiced\s_bcl_MPFU0_SX268_17545_20280.wav	0.5
G:\RP\timitsplit\unvoiced\f_s_q_MPFU0_SX448_34600_39282.wav	0.6666666666666666
G:\RP\timitsplit\unvoiced\pcl_p_MPGH0_SI1554_11520_13470.wav	1.0
G:\RP\timitsplit\unvoiced\s_MPGH0_SX294_17703_20134.wav	1.0
G:\RP\timitsplit\unvoiced\s_MPGH0_SX384_23840_32960.wav	1.0
G:\RP\timitsplit\unvoiced\dcl_MPGR0_SI2040_19800_27280.wav	1.0
G:\RP\timitsplit\unvoiced\kcl_f_MPGR1_SI1499_7640_10050.wav	1.0
G:\RP\timitsplit\unvoiced\t_s_MPMB0_SI871_76730_97840.wav	1.5
G:\RP\timitsplit\unvoiced\pcl_t_MPPC0_SI2042_14554_17060.wav	0.0
G:\RP\timitsplit\unvoiced\t_s_MPPC0_SX152_35520_40400.wav	1.0
G:\RP\timitsplit\unvoiced\kcl_t_MPRB0_SI575_55800_61640.wav	0.5
G:\RP\timitsplit\unvoiced\s_MPRB0_SX305_41800_53440.wav	0.0
G:\RP\timitsplit\unvoiced\sh_MPRB0_SX395_28507_31320.wav	1.0
G:\RP\timitsplit\unvoiced\s_dcl_MPRD0_SI801_29860_33890.wav	0.5
G:\RP\timitsplit\unvoiced\s_kcl_k_MPRD0_SX171_21480_25050.wav	0.6666666666666666
G:\RP\timitsplit\unvoiced\s_bcl_MPRD0_SX81_10520_13160.wav	0.0
G:\RP\timitsplit\unvoiced\s_MPRK0_SI467_59560_67520.wav	0.0
G:\RP\timitsplit\unvoiced\kcl_t_MPRT0_SI495_12840_14872.wav	1.0
G:\RP\timitsplit\unvoiced\s_t_MPRT0_SX310_14920_17960.wav	0.5
G:\RP\timitsplit\unvoiced\pcl_s_t_MPRT0_SX40_27560_31665.wav	0.6666666666666666
G:\RP\timitsplit\unvoiced\s_ax-h_bcl_MPSW0_SI1067_15749_17326.wav	1.0
G:\RP\timitsplit\unvoiced\s_s_MPSW0_SX437_42158_49040.wav	1.0
G:\RP\timitsplit\unvoiced\kcl_sh_ax-h_MRAB0_SI1854_55720_58664.wav	0.6666666666666666
G:\RP\timitsplit\unvoiced\s_MRAB1_SI1478_44170_48160.wav	1.0
G:\RP\timitsplit\unvoiced\s_s_MRAB1_SI848_60230_65760.wav	1.5
G:\RP\timitsplit\unvoiced\s_MRAB1_SX308_46330_51120.wav	1.0
G:\RP\timitsplit\unvoiced\s_pcl_p_MRAI0_SI1954_13600_16474.wav	1.0
G:\RP\timitsplit\unvoiced\q_kcl_k_MRAI0_SI2052_25111_28660.wav	0.6666666666666666
G:\RP\timitsplit\unvoiced\hh_MRAI0_SX162_2120_3780.wav	1.0
G:\RP\timitsplit\unvoiced\s_bcl_MRAI0_SX252_9990_12780.wav	1.0
G:\RP\timitsplit\unvoiced\s_pcl_p_MRAI0_SX72_2210_6140.wav	0.0
G:\RP\timitsplit\unvoiced\t_s_MRAM0_SI1275_46280_50640.wav	0.0
G:\RP\timitsplit\unvoiced\s_MRAM0_SX105_33684_38880.wav	1.0
G:\RP\timitsplit\unvoiced\t_s_MRAM0_SX195_26515_31949.wav	1.0
G:\RP\timitsplit\unvoiced\s_q_MRAM0_SX375_21101_24202.wav	0.5
G:\RP\timitsplit\unvoiced\kcl_k_MRAV0_SI1638_23160_25480.wav	1.0
G:\RP\timitsplit\unvoiced\th_MRAV0_SX18_31640_36400.wav	2.0
G:\RP\timitsplit\unvoiced\s_MRAV0_SX198_10040_12497.wav	1.0
G:\RP\timitsplit\unvoiced\dcl_MRBC0_SI1665_34920_39040.wav	1.0
G:\RP\timitsplit\unvoiced\s_MRBC0_SI599_41160_47440.wav	0.0
G:\RP\timitsplit\unvoiced\s_t_MRCW0_SI1371_42040_45090.wav	0.5
G:\RP\timitsplit\unvoiced\kcl_k_MRDD0_SI1050_19080_21260.wav	1.0
G:\RP\timitsplit\unvoiced\dcl_s_MRDD0_SX277_25800_29360.wav	0.5
G:\RP\timitsplit\unvoiced\kcl_k_MRDM0_SI1595_3560_6380.wav	1.0
G:\RP\timitsplit\unvoiced\kcl_k_MRDM0_SX245_28741_31180.wav	1.0
G:\RP\timitsplit\unvoiced\s_t_MRDM0_SX335_67830_72240.wav	0.5
G:\RP\timitsplit\unvoiced\f_MRDM0_SX425_19880_21423.wav	1.0
G:\RP\timitsplit\unvoiced\pcl_s_MRDS0_SX357_30920_33080.wav	1.0
G:\RP\timitsplit\unvoiced\q_MREE0_SI1734_11906_17240.wav	1.0
G:\RP\timitsplit\unvoiced\sh_MREE0_SX294_2440_4760.wav	1.0
G:\RP\timitsplit\unvoiced\s_MREE0_SX384_29660_34509.wav	0.0
G:\RP\timitsplit\unvoiced\t_s_MREW1_SI870_26450_28240.wav	1.0
G:\RP\timitsplit\unvoiced\th_MRFK0_SI2336_9288_10830.wav	1.0
G:\RP\timitsplit\unvoiced\f_MRFL0_SI1786_22266_24647.wav	1.0
G:\RP\timitsplit\unvoiced\pcl_q_MRFL0_SI526_32960_36637.wav	1.0
G:\RP\timitsplit\unvoiced\pcl_p_s_MRFL0_SX166_37973_40814.wav	0.6666666666666666
G:\RP\timitsplit\unvoiced\f_MRGM0_SI1792_38015_40120.wav	1.0
G:\RP\timitsplit\unvoiced\s_t_MRGM0_SI532_30370_32835.wav	1.0
G:\RP\timitsplit\unvoiced\s_MRGM0_SX262_42200_47440.wav	1.0
G:\RP\timitsplit\unvoiced\pcl_p_MRGM0_SX416_9650_11551.wav	1.0
G:\RP\timitsplit\unvoiced\kcl_s_MRGS0_SX96_24200_27440.wav	0.5
G:\RP\timitsplit\unvoiced\dcl_MRHL0_SI1515_4160_5540.wav	1.0
G:\RP\timitsplit\unvoiced\kcl_k_q_MRHL0_SI885_36978_39394.wav	1.0
G:\RP\timitsplit\unvoiced\kcl_s_t_th_MRHL0_SX165_31456_36093.wav	1.0
G:\RP\timitsplit\unvoiced\sh_s_MRHL0_SX345_4590_7380.wav	1.0
G:\RP\timitsplit\unvoiced\kcl_k_MRJB1_SI2021_71281_75760.wav	2.0
G:\RP\timitsplit\unvoiced\t_MRJH0_SI914_30550_33680.wav	1.0
G:\RP\timitsplit\unvoiced\f_MRJH0_SX259_35240_37810.wav	1.0
G:\RP\timitsplit\unvoiced\dcl_MRJH0_SX307_22158_23000.wav	1.0
G:\RP\timitsplit\unvoiced\s_t_MRJH0_SX439_4960_8300.wav	0.5
G:\RP\timitsplit\unvoiced\pcl_p_MRJM0_SI1095_12200_15640.wav	1.0
G:\RP\timitsplit\unvoiced\dcl_th_MRJM0_SI1858_31648_36040.wav	0.5
G:\RP\timitsplit\unvoiced\s_pcl_p_MRJM0_SX148_5000_9080.wav	0.0
G:\RP\timitsplit\unvoiced\t_MRJM1_SI1928_5960_9483.wav	1.0
G:\RP\timitsplit\unvoiced\s_MRJM1_SX218_24888_27822.wav	0.0
G:\RP\timitsplit\unvoiced\s_MRJT0_SI1498_38558_44560.wav	1.0
G:\RP\timitsplit\unvoiced\s_p_MRJT0_SX148_4600_8610.wav	0.0
G:\RP\timitsplit\unvoiced\t_MRJT0_SX238_40160_44400.wav	2.0
G:\RP\timitsplit\unvoiced\s_MRKM0_SX367_58200_63920.wav	0.0
G:\RP\timitsplit\unvoiced\sh_MRLD0_SI2224_24667_26670.wav	1.0
G:\RP\timitsplit\unvoiced\s_t_MRLD0_SX154_30360_36400.wav	0.5
G:\RP\timitsplit\unvoiced\s_MRLD0_SX64_17489_19682.wav	1.0
G:\RP\timitsplit\unvoiced\s_MRLJ0_SI2050_16180_18297.wav	1.0
G:\RP\timitsplit\unvoiced\s_t_MRLJ0_SX430_43702_46570.wav	0.5
G:\RP\timitsplit\unvoiced\q_MRLJ0_SX70_9097_10425.wav	1.0
G:\RP\timitsplit\unvoiced\dcl_MRLJ1_SI2332_22600_24880.wav	1.0
G:\RP\timitsplit\unvoiced\kcl_k_MRLJ1_SX141_35320_38120.wav	1.0
G:\RP\timitsplit\unvoiced\gcl_k_MRLJ1_SX321_11112_13480.wav	0.5
G:\RP\timitsplit\unvoiced\s_pcl_p_MRLJ1_SX51_13800_16420.wav	1.0
G:\RP\timitsplit\unvoiced\th_MRLK0_SI1468_60040_73680.wav	3.0
G:\RP\timitsplit\unvoiced\s_MRLR0_SI1826_31611_34506.wav	1.0
G:\RP\timitsplit\unvoiced\s_pcl_p_MRLR0_SX116_6848_10276.wav	0.0
G:\RP\timitsplit\unvoiced\s_MRLR0_SX206_44681_52080.wav	0.0
G:\RP\timitsplit\unvoiced\f_s_MRLR0_SX296_30693_40000.wav	0.5
G:\RP\timitsplit\unvoiced\s_t_q_MRMG0_SX180_6650_9617.wav	1.0
G:\RP\timitsplit\unvoiced\pcl_p_s_hh_MRMG0_SX360_36520_41030.wav	0.0
G:\RP\timitsplit\unvoiced\f_MRMG0_SX450_55286_60640.wav	1.0
G:\RP\timitsplit\unvoiced\s_f_kcl_k_MRMH0_SI1349_36887_40922.wav	0.5
G:\RP\timitsplit\unvoiced\kcl_k_MRPC1_SI2026_13640_15550.wav	1.0
G:\RP\timitsplit\unvoiced\s_MRPC1_SX222_39680_44480.wav	0.0
G:\RP\timitsplit\unvoiced\s_t_MRRE0_SX164_55890_62400.wav	0.5
G:\RP\timitsplit\unvoiced\f_MRRE0_SX344_37000_41920.wav	1.0
G:\RP\timitsplit\unvoiced\s_p_MRRE0_SX74_38270_41620.wav	0.5
G:\RP\timitsplit\unvoiced\s_pcl_p_MRSP0_SI1429_5940_8800.wav	0.3333333333333333
G:\RP\timitsplit\unvoiced\s_t_MRSP0_SX259_19610_22370.wav	0.5
G:\RP\timitsplit\unvoiced\t_s_t_MRSP0_SX439_8410_11900.wav	0.6666666666666666
G:\RP\timitsplit\unvoiced\th_MRTC0_SX18_42520_47760.wav	2.0
G:\RP\timitsplit\unvoiced\s_MRTC0_SX198_10950_13840.wav	1.0
G:\RP\timitsplit\unvoiced\kcl_k_MRTC0_SX378_35000_37170.wav	0.0
G:\RP\timitsplit\unvoiced\t_sh_MRTJ0_SI1551_40140_46070.wav	0.0
G:\RP\timitsplit\unvoiced\kcl_k_MRTJ0_SX52_4360_8360.wav	0.5
G:\RP\timitsplit\unvoiced\f_MRVG0_SI1140_37240_41200.wav	1.0
G:\RP\timitsplit\unvoiced\s_pcl_p_MRVG0_SI510_28360_31160.wav	0.0
G:\RP\timitsplit\unvoiced\s_pcl_p_MRVG0_SX330_14200_16600.wav	0.6666666666666666
G:\RP\timitsplit\unvoiced\s_MRWA0_SX163_40290_44240.wav	0.0
G:\RP\timitsplit\unvoiced\q_ch_MRWA0_SX433_10484_14579.wav	0.5
G:\RP\timitsplit\unvoiced\kcl_s_kcl_k_MRWS0_SX292_6896_10920.wav	0.75
G:\RP\timitsplit\unvoiced\q_MRXB0_SX235_15316_17437.wav	0.0
G:\RP\timitsplit\unvoiced\s_gcl_MRXB0_SX55_32966_35133.wav	1.0
G:\RP\timitsplit\unvoiced\dcl_MSAH1_SI1679_19560_23360.wav	1.0
G:\RP\timitsplit\unvoiced\pcl_p_MSAS0_SI1376_81467_85680.wav	1.0
G:\RP\timitsplit\unvoiced\dcl_MSAS0_SX116_35800_39680.wav	1.0
G:\RP\timitsplit\unvoiced\s_MSAS0_SX206_54310_59680.wav	0.0
G:\RP\timitsplit\unvoiced\f_s_MSAS0_SX296_37800_44080.wav	0.0
G:\RP\timitsplit\unvoiced\s_t_MSAT0_SI1526_6433_8840.wav	0.5
G:\RP\timitsplit\unvoiced\dcl_MSAT1_SI1073_47153_52160.wav	3.0
G:\RP\timitsplit\unvoiced\f_sh_MSAT1_SI1703_10600_14088.wav	1.0
G:\RP\timitsplit\unvoiced\s_MSAT1_SX263_22408_24320.wav	1.0
G:\RP\timitsplit\unvoiced\sh_MSAT1_SX353_39996_44960.wav	0.0
G:\RP\timitsplit\unvoiced\s_t_MSAT1_SX83_5950_9100.wav	0.5
G:\RP\timitsplit\unvoiced\s_pcl_p_MSDB0_SI1637_21109_23672.wav	0.3333333333333333
G:\RP\timitsplit\unvoiced\f_s_MSDS0_SX357_45960_55563.wav	0.5
G:\RP\timitsplit\unvoiced\s_t_q_MSEM1_SX180_6930_10680.wav	0.6666666666666666
G:\RP\timitsplit\unvoiced\pcl_p_s_hh_MSEM1_SX360_38520_43220.wav	0.25
G:\RP\timitsplit\unvoiced\f_MSEM1_SX450_56464_62480.wav	1.0
G:\RP\timitsplit\unvoiced\kcl_k_MSFH0_SI1738_88120_92640.wav	0.0
G:\RP\timitsplit\unvoiced\kcl_k_s_MSFH0_SX136_58600_65120.wav	0.3333333333333333
G:\RP\timitsplit\unvoiced\dcl_MSFH0_SX46_41800_45520.wav	1.0
G:\RP\timitsplit\unvoiced\pcl_p_MSFV0_SI1262_23018_25232.wav	1.0
G:\RP\timitsplit\unvoiced\s_hh_MSFV0_SI1892_16360_18680.wav	1.0
G:\RP\timitsplit\unvoiced\kcl_k_MSFV0_SX362_14287_17127.wav	0.5
G:\RP\timitsplit\unvoiced\kcl_k_s_MSFV0_SX452_30120_33044.wav	0.3333333333333333
G:\RP\timitsplit\unvoiced\s_ax-h_MSFV0_SX92_39160_43446.wav	0.5
G:\RP\timitsplit\unvoiced\pcl_p_MSJK0_SI2226_26138_27610.wav	1.0
G:\RP\timitsplit\unvoiced\pcl_t_MSJK0_SI966_10241_13250.wav	0.5
G:\RP\timitsplit\unvoiced\s_pcl_p_MSJK0_SX156_17188_20520.wav	1.0
G:\RP\timitsplit\unvoiced\th_th_MSJK0_SX426_32629_36356.wav	1.0
G:\RP\timitsplit\unvoiced\f_MSMC0_SI1907_14120_16334.wav	1.0
G:\RP\timitsplit\unvoiced\s_MSMC0_SI509_27279_29640.wav	1.0
G:\RP\timitsplit\unvoiced\s_q_MSMR0_SX235_35620_38391.wav	0.5
G:\RP\timitsplit\unvoiced\s_gcl_MSMR0_SX55_31044_32833.wav	1.0
G:\RP\timitsplit\unvoiced\s_MSMS0_SX263_21230_23350.wav	1.0
G:\RP\timitsplit\unvoiced\sh_MSMS0_SX353_42150_46480.wav	2.0
G:\RP\timitsplit\unvoiced\s_t_MSMS0_SX83_5780_8474.wav	0.5
G:\RP\timitsplit\unvoiced\dcl_MSRG0_SI1221_56440_62400.wav	1.0
G:\RP\timitsplit\unvoiced\th_kcl_k_MSRG0_SI1851_12120_14887.wav	0.6666666666666666
G:\RP\timitsplit\unvoiced\kcl_k_MSRG0_SX141_33240_35471.wav	1.0
G:\RP\timitsplit\unvoiced\s_ax-h_pcl_p_MSRR0_SX141_15960_20220.wav	0.25
G:\RP\timitsplit\unvoiced\kcl_k_s_MSTF0_SX136_50851_57600.wav	0.0
G:\RP\timitsplit\unvoiced\f_kcl_k_MSTF0_SX226_7320_10570.wav	1.0
G:\RP\timitsplit\unvoiced\dcl_MSTF0_SX46_36520_41600.wav	1.0
G:\RP\timitsplit\unvoiced\kcl_k_MSVS0_SX218_10200_12740.wav	0.0
G:\RP\timitsplit\unvoiced\s_MSVS0_SX308_48134_53200.wav	0.0
G:\RP\timitsplit\unvoiced\dcl_MTAB0_SI2202_28224_29680.wav	1.0
G:\RP\timitsplit\unvoiced\s_t_MTAB0_SI942_8484_10925.wav	0.5
G:\RP\timitsplit\unvoiced\th_pcl_p_MTAB0_SX222_17632_20900.wav	1.0
G:\RP\timitsplit\unvoiced\sh_MTAS0_SX395_21060_23240.wav	1.0
G:\RP\timitsplit\unvoiced\dcl_MTAT1_SI1627_28600_32800.wav	1.0
G:\RP\timitsplit\unvoiced\t_s_MTBC0_SX183_7310_9483.wav	1.0
G:\RP\timitsplit\unvoiced\dcl_MTCS0_SI2265_15029_15655.wav	1.0
G:\RP\timitsplit\unvoiced\s_MTCS0_SX262_33470_38160.wav	0.0
G:\RP\timitsplit\unvoiced\hh_MTDB0_SI2031_16175_17490.wav	1.0
G:\RP\timitsplit\unvoiced\kcl_k_MTDB0_SX141_34200_36430.wav	1.0
G:\RP\timitsplit\unvoiced\kcl_q_MTDP0_SI1274_8480_11112.wav	1.0
G:\RP\timitsplit\unvoiced\s_kcl_k_MTDP0_SX171_19550_22976.wav	1.0
G:\RP\timitsplit\unvoiced\s_kcl_k_MTER0_SX167_15960_19000.wav	0.0
G:\RP\timitsplit\unvoiced\q_MTER0_SX257_12120_13596.wav	1.0
G:\RP\timitsplit\unvoiced\s_MTER0_SX437_58520_65600.wav	1.0
G:\RP\timitsplit\unvoiced\s_MTER0_SX77_41240_46160.wav	0.0
G:\RP\timitsplit\unvoiced\kcl_s_kcl_k_MTJG0_SX170_19425_22642.wav	0.75
G:\RP\timitsplit\unvoiced\f_MTJG0_SX260_33960_36740.wav	1.0
G:\RP\timitsplit\unvoiced\s_MTJM0_SI1856_46718_49000.wav	1.0
G:\RP\timitsplit\unvoiced\pcl_p_MTJM0_SX236_7000_9145.wav	1.0
G:\RP\timitsplit\unvoiced\kcl_k_MTJM0_SX416_29880_32279.wav	1.0
G:\RP\timitsplit\unvoiced\pcl_p_MTJM0_SX56_35560_37881.wav	1.0
G:\RP\timitsplit\unvoiced\dcl_MTJS0_SI1822_77640_92960.wav	2.0
G:\RP\timitsplit\unvoiced\kcl_k_s_kcl_k_MTJS0_SX292_7812_11697.wav	0.0
G:\RP\timitsplit\unvoiced\t_s_t_MTJU0_SI2020_59030_62050.wav	0.6666666666666666
G:\RP\timitsplit\unvoiced\pcl_MTJU0_SI760_16125_19040.wav	1.0
G:\RP\timitsplit\unvoiced\pcl_p_MTJU0_SX310_14600_21556.wav	2.0
G:\RP\timitsplit\unvoiced\pcl_p_s_t_MTJU0_SX40_25080_28810.wav	0.25
G:\RP\timitsplit\unvoiced\s_pcl_p_MTKD0_SI1187_22040_24440.wav	1.0
G:\RP\timitsplit\unvoiced\s_t_MTKD0_SI630_44680_47393.wav	0.5
G:\RP\timitsplit\unvoiced\s_t_MTKP0_SX213_36358_42000.wav	1.0
G:\RP\timitsplit\unvoiced\s_t_MTLB0_SI1134_16334_19380.wav	0.5
G:\RP\timitsplit\unvoiced\s_t_s_MTLC0_SI1313_56600_60880.wav	0.6666666666666666
G:\RP\timitsplit\unvoiced\f_MTLC0_SI847_14840_16810.wav	1.0
G:\RP\timitsplit\unvoiced\t_q_MTLC0_SX217_12820_16041.wav	1.0
G:\RP\timitsplit\unvoiced\dcl_MTLC0_SX307_20942_22474.wav	1.0
G:\RP\timitsplit\unvoiced\t_s_MTLC0_SX37_34920_40480.wav	1.0
G:\RP\timitsplit\unvoiced\kcl_k_s_th_MTML0_SX165_28120_31780.wav	0.75
G:\RP\timitsplit\unvoiced\pcl_p_MTMN0_SI1064_23800_26230.wav	1.0
G:\RP\timitsplit\unvoiced\s_t_MTMN0_SX164_49360_56640.wav	0.5
G:\RP\timitsplit\unvoiced\f_MTMN0_SX344_29480_34720.wav	1.0
G:\RP\timitsplit\unvoiced\s_pcl_p_MTMN0_SX74_32292_35040.wav	0.6666666666666666
G:\RP\timitsplit\unvoiced\t_s_MTMT0_SI488_35926_40760.wav	1.0
G:\RP\timitsplit\unvoiced\kcl_k_s_MTPF0_SI1235_21932_24438.wav	0.0
G:\RP\timitsplit\unvoiced\kcl_k_MTPF0_SX245_43480_46014.wav	1.0
G:\RP\timitsplit\unvoiced\s_t_MTPF0_SX335_56600_61680.wav	0.5
G:\RP\timitsplit\unvoiced\s_MTPP0_SI2138_10720_13080.wav	1.0
G:\RP\timitsplit\unvoiced\s_t_MTPP0_SX158_30203_40480.wav	1.0
G:\RP\timitsplit\unvoiced\s_MTPP0_SX338_40460_47840.wav	0.0
G:\RP\timitsplit\unvoiced\th_MTPP0_SX68_32784_38640.wav	1.0
G:\RP\timitsplit\unvoiced\kcl_k_t_MTPR0_SI1600_46160_52080.wav	0.3333333333333333
G:\RP\timitsplit\unvoiced\sh_dcl_MTPR0_SI506_11070_13900.wav	1.0
G:\RP\timitsplit\unvoiced\f_MTQC0_SI1441_17360_20690.wav	1.0
G:\RP\timitsplit\unvoiced\dcl_MTQC0_SI480_24480_25840.wav	1.0
G:\RP\timitsplit\unvoiced\s_pcl_p_MTQC0_SX91_7080_11510.wav	0.3333333333333333
G:\RP\timitsplit\unvoiced\hh_MTRC0_SX183_19007_21140.wav	1.0
G:\RP\timitsplit\unvoiced\kcl_MTRR0_SI1548_18440_22929.wav	1.0
G:\RP\timitsplit\unvoiced\kcl_k_MTRR0_SI2178_21148_24580.wav	0.5
G:\RP\timitsplit\unvoiced\pcl_p_MTRR0_SI918_24320_26430.wav	1.0
G:\RP\timitsplit\unvoiced\pcl_th_MTRR0_SX18_35640_44400.wav	1.5
G:\RP\timitsplit\unvoiced\s_MTRR0_SX198_11370_14320.wav	0.0
G:\RP\timitsplit\unvoiced\s_MTRR0_SX378_8350_11600.wav	1.0
G:\RP\timitsplit\unvoiced\q_s_pcl_p_MTRT0_SI1227_8062_14279.wav	0.5
G:\RP\timitsplit\unvoiced\f_MTRT0_SX237_20280_24560.wav	1.0
G:\RP\timitsplit\unvoiced\s_MTWH1_SI1512_48499_52160.wav	0.0
G:\RP\timitsplit\unvoiced\sh_MTWH1_SI2142_2840_4920.wav	1.0
G:\RP\timitsplit\unvoiced\kcl_k_MTWH1_SI882_31068_33190.wav	0.5
G:\RP\timitsplit\unvoiced\q_MTWH1_SX252_18798_21973.wav	1.0
G:\RP\timitsplit\unvoiced\s_pcl_p_MTWH1_SX72_2360_5220.wav	0.6666666666666666
G:\RP\timitsplit\unvoiced\s_MTXS0_SI1060_66410_75520.wav	0.0
G:\RP\timitsplit\unvoiced\s_t_MTXS0_SX430_73721_77440.wav	0.5
G:\RP\timitsplit\unvoiced\dcl_MTXS0_SX70_5258_6111.wav	1.0
G:\RP\timitsplit\unvoiced\s_MVJH0_SI1556_40030_41960.wav	1.0
G:\RP\timitsplit\unvoiced\f_MVJH0_SI2186_46280_56560.wav	2.0
G:\RP\timitsplit\unvoiced\s_MVJH0_SI926_38420_45600.wav	0.0
G:\RP\timitsplit\unvoiced\s_MVJH0_SX206_41150_49360.wav	0.0
G:\RP\timitsplit\unvoiced\kcl_k_s_MVLO0_SI1777_23561_25400.wav	0.6666666666666666
G:\RP\timitsplit\unvoiced\s_t_MVLO0_SX67_29240_32840.wav	0.5
G:\RP\timitsplit\unvoiced\s_MVRW0_SI1485_57450_61760.wav	1.0
G:\RP\timitsplit\unvoiced\t_MVRW0_SX225_21670_23300.wav	1.0
G:\RP\timitsplit\unvoiced\s_MVRW0_SX45_32439_36880.wav	0.0
G:\RP\timitsplit\unvoiced\dcl_MWAC0_SI1601_64920_67437.wav	1.0
G:\RP\timitsplit\unvoiced\pcl_p_MWAC0_SI971_37320_43520.wav	0.5
G:\RP\timitsplit\unvoiced\kcl_k_MWAD0_SI1062_17046_19230.wav	1.0
G:\RP\timitsplit\unvoiced\s_bcl_MWAD0_SX252_7640_9640.wav	1.0
G:\RP\timitsplit\unvoiced\dcl_MWAD0_SX72_19480_22880.wav	1.0
G:\RP\timitsplit\unvoiced\dcl_MWAR0_SI1045_49867_53760.wav	1.0
G:\RP\timitsplit\unvoiced\s_MWAR0_SI2305_29070_31498.wav	1.0
G:\RP\timitsplit\unvoiced\kcl_k_MWAR0_SX235_20386_22600.wav	0.5
G:\RP\timitsplit\unvoiced\s_MWAR0_SX55_46954_52880.wav	0.0
G:\RP\timitsplit\unvoiced\f_MWCH0_SI1622_44920_48320.wav	1.0
G:\RP\timitsplit\unvoiced\sh_t_MWCH0_SI2252_28021_30670.wav	1.0
G:\RP\timitsplit\unvoiced\s_MWCH0_SX362_17295_20340.wav	0.0
G:\RP\timitsplit\unvoiced\kcl_k_MWCH0_SX452_30215_32080.wav	1.0
G:\RP\timitsplit\unvoiced\pcl_p_MWCH0_SX92_28840_31190.wav	1.0
G:\RP\timitsplit\unvoiced\kcl_k_MWEM0_SI1950_24480_28130.wav	0.5
G:\RP\timitsplit\unvoiced\s_hh_MWGR0_SI1606_19190_22067.wav	1.0
G:\RP\timitsplit\unvoiced\pcl_p_MWGR0_SI2236_28040_29860.wav	1.0
G:\RP\timitsplit\unvoiced\s_MWGR0_SI976_54797_59440.wav	0.0
G:\RP\timitsplit\unvoiced\pcl_s_t_MWGR0_SX166_31560_34569.wav	0.3333333333333333
G:\RP\timitsplit\unvoiced\s_t_MWGR0_SX256_16920_19400.wav	0.5
G:\RP\timitsplit\unvoiced\s_dcl_MWRE0_SI1687_15480_18190.wav	0.5
G:\RP\timitsplit\unvoiced\s_kcl_MWRE0_SI2317_27112_29130.wav	1.0
G:\RP\timitsplit\unvoiced\s_MWRE0_SX67_57220_72080.wav	1.0
G:\RP\timitsplit\unvoiced\kcl_k_MWRP0_SI1443_23160_25450.wav	0.5
G:\RP\timitsplit\unvoiced\dcl_th_MWRP0_SI2073_35640_37852.wav	1.0
G:\RP\timitsplit\unvoiced\t_s_MWRP0_SX183_7430_9188.wav	1.0
G:\RP\timitsplit\unvoiced\kcl_s_MWSB0_SX96_20386_23680.wav	0.5
G:\RP\timitsplit\unvoiced\t_s_MWSH0_SI1426_72060_76640.wav	0.5
G:\RP\timitsplit\unvoiced\kcl_t_MWSH0_SI2266_28920_33920.wav	1.0
G:\RP\timitsplit\unvoiced\s_MWSH0_SX166_62213_66720.wav	0.0
G:\RP\timitsplit\unvoiced\kcl_k_ax-h_FSCN0_SI1886_12280_14765.wav	0.3333333333333333
G:\RP\timitsplit\unvoiced\dcl_p_MDBP0_SI1788_37480_40040.wav	1.0
G:\RP\timitsplit\unvoiced\s_pcl_p_MRAM0_SI1905_9842_13240.wav	0.3333333333333333
G:\RP\timitsplit\unvoiced\dcl_p_MTJS0_SI1192_22200_25315.wav	1.0
G:\RP\timitsplit\unvoiced\f_s_FJXP0_SI1752_61227_67200.wav	1.0
G:\RP\timitsplit\unvoiced\s_MBCG0_SI957_31450_35007.wav	0.0
G:\RP\timitsplit\unvoiced\dcl_sh_FTAJ0_SX339_3360_5760.wav	1.0
G:\RP\timitsplit\unvoiced\dcl_s_dcl_FMKC0_SI1041_41080_46775.wav	1.0
G:\RP\timitsplit\unvoiced\dcl_s_FKDW0_SX217_23320_29520.wav	0.5
G:\RP\timitsplit\unvoiced\dcl_s_kcl_k_FDJH0_SI2195_27791_31062.wav	0.75
G:\RP\timitsplit\unvoiced\dcl_s_MDPK0_SI1683_13075_15430.wav	0.5
G:\RP\timitsplit\unvoiced\dcl_s_MESJ0_SX277_18640_22253.wav	0.5
G:\RP\timitsplit\unvoiced\s_MHMR0_SI489_39561_52800.wav	0.0
G:\RP\timitsplit\unvoiced\dcl_s_MMRP0_SI774_36971_40131.wav	0.5
G:\RP\timitsplit\unvoiced\dcl_s_pcl_p_MREM0_SI1591_27000_33796.wav	0.0
G:\RP\timitsplit\unvoiced\s_MKAJ0_SX424_35560_39440.wav	0.0
G:\RP\timitsplit\unvoiced\s_MLJH0_SX424_52187_57840.wav	0.0
G:\RP\timitsplit\unvoiced\dcl_s_t_MRLD0_SX424_29960_33040.wav	0.3333333333333333
G:\RP\timitsplit\unvoiced\kcl_t_MDWH0_SI1168_75329_80320.wav	0.5
G:\RP\timitsplit\unvoiced\kcl_s_MRMG0_SI2340_46211_56640.wav	0.5
G:\RP\timitsplit\unvoiced\dcl_t_ax-h_dcl_MSTF0_SI766_13560_16940.wav	0.75
G:\RP\timitsplit\unvoiced\s_pcl_p_MKLS0_SI1437_79250_82380.wav	1.0
G:\RP\timitsplit\unvoiced\dcl_t_ax-h_t_MJRH1_SI514_10680_15320.wav	1.0
G:\RP\timitsplit\unvoiced\kcl_k_FJSP0_SX354_27080_29300.wav	1.0
G:\RP\timitsplit\unvoiced\pcl_p_s_f_FKFB0_SI2238_9775_14700.wav	0.25
G:\RP\timitsplit\unvoiced\kcl_k_s_FKLC0_SX175_74120_80240.wav	0.0
G:\RP\timitsplit\unvoiced\kcl_k_s_FLHD0_SX354_22182_24667.wav	0.3333333333333333
G:\RP\timitsplit\unvoiced\dcl_t_FMMH0_SI907_14360_16510.wav	1.0
G:\RP\timitsplit\unvoiced\dcl_t_FTBR0_SI2181_27720_30140.wav	0.5
G:\RP\timitsplit\unvoiced\kcl_k_s_MAJP0_SX354_22199_24644.wav	0.0
G:\RP\timitsplit\unvoiced\kcl_k_s_ax-h_kcl_k_MDLC2_SX354_21320_24928.wav	0.6666666666666666
G:\RP\timitsplit\unvoiced\s_t_MDLH0_SI1960_31707_35610.wav	0.5
G:\RP\timitsplit\unvoiced\s_t_MDSS1_SI697_7680_10160.wav	1.0
G:\RP\timitsplit\unvoiced\kcl_s_MGAW0_SX175_51800_56480.wav	0.5
G:\RP\timitsplit\unvoiced\dcl_t_MJAE0_SX354_22684_26620.wav	0.5
G:\RP\timitsplit\unvoiced\f_k_MMCC0_SI1968_16794_18746.wav	1.0
G:\RP\timitsplit\unvoiced\s_t_MRPC1_SI1482_13830_16372.wav	0.5
G:\RP\timitsplit\unvoiced\dcl_t_MTJG0_SI2157_5848_7990.wav	1.0
G:\RP\timitsplit\unvoiced\f_ax-h_kcl_k_MSMS0_SI2063_31116_35000.wav	0.5
G:\RP\timitsplit\unvoiced\t_s_q_MRKM0_SI637_43880_49213.wav	0.3333333333333333
G:\RP\timitsplit\unvoiced\f_ax-h_s_MMDM0_SI1941_22280_29760.wav	0.3333333333333333
G:\RP\timitsplit\unvoiced\t_s_FCAJ0_SI1479_17782_21914.wav	0.5
G:\RP\timitsplit\unvoiced\s_t_MTAS0_SI2015_23160_28320.wav	0.5
G:\RP\timitsplit\unvoiced\f_FAJW0_SI1893_37160_42800.wav	1.0
G:\RP\timitsplit\unvoiced\s_FAJW0_SX3_22440_27680.wav	0.0
G:\RP\timitsplit\unvoiced\s_t_FALK0_SX366_45400_48010.wav	0.5
G:\RP\timitsplit\unvoiced\s_FALR0_SX425_25399_31120.wav	1.0
G:\RP\timitsplit\unvoiced\kcl_k_FAPB0_SI1063_4080_6796.wav	0.5
G:\RP\timitsplit\unvoiced\s_FBJL0_SX22_37060_47040.wav	0.0
G:\RP\timitsplit\unvoiced\f_FCAG0_SI1503_24563_26360.wav	1.0
G:\RP\timitsplit\unvoiced\f_FCAJ0_SX129_16273_18497.wav	1.0
G:\RP\timitsplit\unvoiced\t_f_FCAJ0_SX219_35260_37568.wav	1.0
G:\RP\timitsplit\unvoiced\kcl_k_s_FCMG0_SX432_36520_40605.wav	0.0
G:\RP\timitsplit\unvoiced\f_FDAS1_SX21_4399_6620.wav	1.0
G:\RP\timitsplit\unvoiced\s_FDAW0_SI1406_24440_26710.wav	1.0
G:\RP\timitsplit\unvoiced\f_FDJH0_SX395_13493_15680.wav	1.0
G:\RP\timitsplit\unvoiced\s_q_FDML0_SI2075_15880_18798.wav	0.5
G:\RP\timitsplit\unvoiced\kcl_k_sh_FDTD0_SI931_39080_42098.wav	1.0
G:\RP\timitsplit\unvoiced\sh_pcl_p_FEAC0_SX75_25080_28457.wav	0.6666666666666666
G:\RP\timitsplit\unvoiced\kcl_k_s_FEEH0_SI471_23560_25800.wav	1.0
G:\RP\timitsplit\unvoiced\f_FEME0_SI2135_22520_25080.wav	1.0
G:\RP\timitsplit\unvoiced\f_FEME0_SX425_29033_31210.wav	1.0
G:\RP\timitsplit\unvoiced\s_FEXM0_SX366_57720_61019.wav	0.0
G:\RP\timitsplit\unvoiced\f_FGMB0_SX425_21960_24440.wav	1.0
G:\RP\timitsplit\unvoiced\kcl_k_s_kcl_k_FGRW0_SI1782_13560_19640.wav	0.4
G:\RP\timitsplit\unvoiced\s_t_FGRW0_SX432_19800_23400.wav	0.5
G:\RP\timitsplit\unvoiced\t_s_FJLG0_SX269_34280_39600.wav	0.5
G:\RP\timitsplit\unvoiced\sh_pcl_p_FJWB1_SX75_21560_25020.wav	0.3333333333333333
G:\RP\timitsplit\unvoiced\pcl_p_FKFB0_SI978_39159_41760.wav	0.5
G:\RP\timitsplit\unvoiced\s_FKLC1_SI1678_6703_9100.wav	1.0
G:\RP\timitsplit\unvoiced\s_FKLH0_SX267_26754_30840.wav	1.0
G:\RP\timitsplit\unvoiced\s_t_FKSR0_SX366_52760_55363.wav	0.5
G:\RP\timitsplit\unvoiced\f_FLAC0_SI2161_2840_4360.wav	1.0
G:\RP\timitsplit\unvoiced\f_FLJD0_SI2146_33960_38640.wav	2.0
G:\RP\timitsplit\unvoiced\f_FLKM0_SI686_14399_16920.wav	1.0
G:\RP\timitsplit\unvoiced\s_FLMC0_SX22_32700_38480.wav	0.0
G:\RP\timitsplit\unvoiced\s_FMBG0_SX3_23000_29840.wav	0.0
G:\RP\timitsplit\unvoiced\f_FMJB0_SX187_6520_7960.wav	1.0
G:\RP\timitsplit\unvoiced\s_FMJB0_SX7_42760_48160.wav	0.0
G:\RP\timitsplit\unvoiced\s_FMJU0_SX129_41940_51440.wav	4.0
G:\RP\timitsplit\unvoiced\s_FMJU0_SX219_44201_48320.wav	0.0
G:\RP\timitsplit\unvoiced\f_FMMH0_SX187_6760_8260.wav	1.0
G:\RP\timitsplit\unvoiced\s_FMMH0_SX7_40438_45360.wav	0.0
G:\RP\timitsplit\unvoiced\s_pcl_p_FMPG0_SI1602_17970_21856.wav	0.0
G:\RP\timitsplit\unvoiced\pcl_FMPG0_SX432_30120_35710.wav	3.0
G:\RP\timitsplit\unvoiced\s_t_FPAC0_SI1921_55360_60430.wav	1.0
G:\RP\timitsplit\unvoiced\kcl_k_FPAD0_SX86_21720_24570.wav	0.5
G:\RP\timitsplit\unvoiced\pcl_p_FPAF0_SX334_34240_36003.wav	1.0
G:\RP\timitsplit\unvoiced\s_FPLS0_SX3_20386_25200.wav	0.0
G:\RP\timitsplit\unvoiced\s_FPMY0_SI1783_25960_40320.wav	1.0
G:\RP\timitsplit\unvoiced\f_FPMY0_SX163_22642_24856.wav	1.0
G:\RP\timitsplit\unvoiced\s_t_s_FRJB0_SX437_52842_60560.wav	0.3333333333333333
G:\RP\timitsplit\unvoiced\kcl_k_FSCN0_SX86_9800_12620.wav	0.5
G:\RP\timitsplit\unvoiced\f_FSDJ0_SX395_12280_14173.wav	1.0
G:\RP\timitsplit\unvoiced\s_FSJK1_SI1025_44670_49920.wav	0.0
G:\RP\timitsplit\unvoiced\s_FSJW0_SX163_38670_43600.wav	1.0
G:\RP\timitsplit\unvoiced\t_s_FSKL0_SX269_26750_32960.wav	0.5
G:\RP\timitsplit\unvoiced\s_FSKP0_SI1098_64920_69920.wav	1.0
G:\RP\timitsplit\unvoiced\f_FTBR0_SX21_25240_27390.wav	1.0
G:\RP\timitsplit\unvoiced\f_kcl_k_MFXS0_SI1674_31000_33710.wav	1.0
G:\RP\timitsplit\unvoiced\kcl_k_MAFM0_SX129_9720_11480.wav	1.0
G:\RP\timitsplit\unvoiced\s_ch_MAKR0_SI722_3660_5760.wav	1.0
G:\RP\timitsplit\unvoiced\s_MAKR0_SX362_15820_18072.wav	1.0
G:\RP\timitsplit\unvoiced\kcl_k_MAKR0_SX452_25558_27270.wav	1.0
G:\RP\timitsplit\unvoiced\s_MARW0_SI646_6840_9640.wav	0.0
G:\RP\timitsplit\unvoiced\s_kcl_k_MBAR0_SX239_34634_38037.wav	0.6666666666666666
G:\RP\timitsplit\unvoiced\f_MBBR0_SX425_18924_20279.wav	1.0
G:\RP\timitsplit\unvoiced\f_MBCG0_SI486_21806_27360.wav	1.0
G:\RP\timitsplit\unvoiced\f_MBEF0_SI651_10280_12200.wav	1.0
G:\RP\timitsplit\unvoiced\f_MBEF0_SX21_17720_19676.wav	1.0
G:\RP\timitsplit\unvoiced\s_MBJV0_SX437_42828_46560.wav	1.0
G:\RP\timitsplit\unvoiced\f_MBMA1_SI2214_14734_17230.wav	1.0
G:\RP\timitsplit\unvoiced\s_MBML0_SX269_28280_37760.wav	0.0
G:\RP\timitsplit\unvoiced\s_MBSB0_SX3_16270_20640.wav	1.0
G:\RP\timitsplit\unvoiced\s_MBTH0_SI757_28281_33600.wav	1.0
G:\RP\timitsplit\unvoiced\s_MCAE0_SI817_60570_66320.wav	0.0
G:\RP\timitsplit\unvoiced\s_MCAE0_SX7_55680_61360.wav	1.0
G:\RP\timitsplit\unvoiced\s_t_hh_MCHL0_SI1404_58540_61010.wav	0.6666666666666666
G:\RP\timitsplit\unvoiced\kcl_k_q_MCHL0_SI1977_16320_19858.wav	1.0
G:\RP\timitsplit\unvoiced\s_t_MCHL0_SX267_27154_33192.wav	1.5
G:\RP\timitsplit\unvoiced\s_MCTH0_SX129_39480_44160.wav	0.0
G:\RP\timitsplit\unvoiced\sh_MCTM0_SI720_26100_34160.wav	1.0
G:\RP\timitsplit\unvoiced\s_kcl_k_MCTM0_SX90_19380_22410.wav	0.0
G:\RP\timitsplit\unvoiced\f_MDAS0_SX21_19480_21720.wav	1.0
G:\RP\timitsplit\unvoiced\f_MDCD0_SX425_19550_21285.wav	1.0
G:\RP\timitsplit\unvoiced\f_MDCM0_SI2110_29483_31515.wav	1.0
G:\RP\timitsplit\unvoiced\s_kcl_k_MDED0_SX90_22840_26280.wav	0.3333333333333333
G:\RP\timitsplit\unvoiced\hh_MDEF0_SI1563_39562_43680.wav	1.0
G:\RP\timitsplit\unvoiced\t_MDHL0_SI809_47080_49520.wav	0.0
G:\RP\timitsplit\unvoiced\t_s_MDHL0_SX269_25100_30560.wav	0.5
G:\RP\timitsplit\unvoiced\s_kcl_k_MDHS0_SX90_20000_23090.wav	0.0
G:\RP\timitsplit\unvoiced\kcl_f_MDJM0_SI1455_43000_46290.wav	1.0
G:\RP\timitsplit\unvoiced\s_q_MDLR1_SX129_17389_20460.wav	0.0
G:\RP\timitsplit\unvoiced\f_MDLR1_SX219_30520_33080.wav	1.0
G:\RP\timitsplit\unvoiced\f_MDNS0_SX21_22729_25010.wav	1.0
G:\RP\timitsplit\unvoiced\t_s_MDPK0_SI1053_47710_57760.wav	1.0
G:\RP\timitsplit\unvoiced\th_MDPK0_SI552_5800_7680.wav	1.0
G:\RP\timitsplit\unvoiced\s_t_MDPS0_SI719_16125_18280.wav	1.5
G:\RP\timitsplit\unvoiced\t_s_MDPS0_SX269_29520_33440.wav	0.5
G:\RP\timitsplit\unvoiced\s_MDSJ0_SX22_30630_36560.wav	0.0
G:\RP\timitsplit\unvoiced\sh_MDSS0_SI1881_15624_17800.wav	1.0
G:\RP\timitsplit\unvoiced\s_MDSS1_SI1713_18060_24160.wav	1.0
G:\RP\timitsplit\unvoiced\s_kcl_k_MDWD0_SX90_20680_24040.wav	0.3333333333333333
G:\RP\timitsplit\unvoiced\kcl_k_MDWH0_SI665_28950_31457.wav	1.0
G:\RP\timitsplit\unvoiced\pcl_p_MDWM0_SI1546_4920_7070.wav	1.0
G:\RP\timitsplit\unvoiced\s_MEGJ0_SX3_22550_27920.wav	0.0
G:\RP\timitsplit\unvoiced\s_t_MEJL0_SX242_12023_14530.wav	0.5
G:\RP\timitsplit\unvoiced\s_MESG0_SI702_48130_69920.wav	0.0
G:\RP\timitsplit\unvoiced\pcl_p_s_MESG0_SX432_41480_45920.wav	0.0
G:\RP\timitsplit\unvoiced\t_s_MESJ0_SX7_27950_32080.wav	1.0
G:\RP\timitsplit\unvoiced\f_MFER0_SI1492_9441_11006.wav	1.0
G:\RP\timitsplit\unvoiced\s_MFER0_SI862_55838_62362.wav	0.0
G:\RP\timitsplit\unvoiced\sh_pcl_p_MFRM0_SX75_24360_27880.wav	0.3333333333333333
G:\RP\timitsplit\unvoiced\s_MGAF0_SX22_24600_29280.wav	0.0
G:\RP\timitsplit\unvoiced\s_q_MGAG0_SI691_5780_8500.wav	0.5
G:\RP\timitsplit\unvoiced\sh_pcl_p_MGJC0_SX75_30574_35600.wav	0.6666666666666666
G:\RP\timitsplit\unvoiced\s_MGRP0_SI687_12360_14920.wav	1.0
G:\RP\timitsplit\unvoiced\s_MGXP0_SX7_41190_46183.wav	0.0
G:\RP\timitsplit\unvoiced\f_MHMR0_SX129_18520_20760.wav	1.0
G:\RP\timitsplit\unvoiced\q_MHMR0_SX219_15164_18548.wav	1.0
G:\RP\timitsplit\unvoiced\s_MILB0_SX3_16530_31120.wav	1.0
G:\RP\timitsplit\unvoiced\q_q_MJDC0_SI531_60677_65398.wav	1.0
G:\RP\timitsplit\unvoiced\f_MJDM0_SI974_12532_14150.wav	1.0
G:\RP\timitsplit\unvoiced\sh_MJEB1_SI2097_36080_38220.wav	1.0
G:\RP\timitsplit\unvoiced\sh_pcl_p_MJFR0_SX75_27154_31430.wav	0.6666666666666666
G:\RP\timitsplit\unvoiced\s_kcl_k_MJJB0_SX239_31880_34920.wav	0.3333333333333333
G:\RP\timitsplit\unvoiced\s_pcl_p_MJJB0_SX59_24120_27154.wav	0.0
G:\RP\timitsplit\unvoiced\s_pcl_p_MJLB0_SX86_3760_6726.wav	0.0
G:\RP\timitsplit\unvoiced\s_MJLG1_SX22_29037_34320.wav	0.0
G:\RP\timitsplit\unvoiced\f_MJPG0_SX21_17560_19718.wav	1.0
G:\RP\timitsplit\unvoiced\f_t_MJRP0_SI585_41160_47200.wav	1.0
G:\RP\timitsplit\unvoiced\q_MJSR0_SI1424_32417_35550.wav	0.0
G:\RP\timitsplit\unvoiced\s_MJWT0_SI1381_69290_74160.wav	0.0
G:\RP\timitsplit\unvoiced\t_s_MJXA0_SI877_37460_41280.wav	1.0
G:\RP\timitsplit\unvoiced\t_MKAG0_SI2239_34020_38720.wav	1.0
G:\RP\timitsplit\unvoiced\gcl_k_s_q_MKAJ0_SI2044_29080_38580.wav	0.75
G:\RP\timitsplit\unvoiced\pcl_p_MKAJ0_SX334_23000_24840.wav	1.0
G:\RP\timitsplit\unvoiced\s_t_MKLS0_SX267_26810_34350.wav	1.0
G:\RP\timitsplit\unvoiced\pcl_p_MLJC0_SI1855_4200_6605.wav	1.0
G:\RP\timitsplit\unvoiced\sh_t_MMAM0_SX247_21800_24862.wav	1.0
G:\RP\timitsplit\unvoiced\s_MMDB0_SX267_23060_27974.wav	0.0
G:\RP\timitsplit\unvoiced\f_MMDM1_SI2043_17800_20450.wav	1.0
G:\RP\timitsplit\unvoiced\f_t_MMEB0_SI727_15560_18240.wav	0.5
G:\RP\timitsplit\unvoiced\s_MMEB0_SX7_31500_37120.wav	1.0
G:\RP\timitsplit\unvoiced\t_s_MMGG0_SX269_28542_33840.wav	0.5
G:\RP\timitsplit\unvoiced\s_t_MMLM0_SX267_21780_28110.wav	1.5
G:\RP\timitsplit\unvoiced\t_kcl_k_MMRP0_SI2034_7870_9500.wav	1.0
G:\RP\timitsplit\unvoiced\pcl_p_MMSM0_SI1736_2920_5320.wav	1.0
G:\RP\timitsplit\unvoiced\t_s_MMWB0_SX269_41310_48960.wav	1.0
G:\RP\timitsplit\unvoiced\s_MMWS0_SI1518_44360_50480.wav	1.0
G:\RP\timitsplit\unvoiced\s_t_MMWS1_SI1071_39269_46969.wav	0.5
G:\RP\timitsplit\unvoiced\f_MNET0_SX366_16280_18380.wav	1.0
G:\RP\timitsplit\unvoiced\pcl_p_MPAR0_SI946_9400_11372.wav	1.0
G:\RP\timitsplit\unvoiced\s_MPGR1_SX239_37360_42640.wav	0.0
G:\RP\timitsplit\unvoiced\s_pcl_p_MPGR1_SX59_20610_23247.wav	1.0
G:\RP\timitsplit\unvoiced\s_MPRK0_SI1097_43240_52040.wav	1.0
G:\RP\timitsplit\unvoiced\s_MRAI0_SI792_23483_29200.wav	1.0
G:\RP\timitsplit\unvoiced\kcl_k_s_MRAI0_SX432_35880_40355.wav	0.0
G:\RP\timitsplit\unvoiced\s_MRBC0_SX239_9480_12680.wav	1.0
G:\RP\timitsplit\unvoiced\s_pcl_p_MRBC0_SX59_21160_23937.wav	0.3333333333333333
G:\RP\timitsplit\unvoiced\f_MRCW0_SX21_4040_5740.wav	1.0
G:\RP\timitsplit\unvoiced\s_MRDS0_SX267_25960_28280.wav	1.0
G:\RP\timitsplit\unvoiced\hh_ax-h_s_pcl_p_MRFK0_SX86_1943_5170.wav	0.6
G:\RP\timitsplit\unvoiced\s_MRGS0_SX366_47030_49979.wav	1.0
G:\RP\timitsplit\unvoiced\sh_pcl_p_MRHL0_SX75_22940_26160.wav	0.6666666666666666
G:\RP\timitsplit\unvoiced\f_MRJT0_SI1805_21080_26160.wav	1.0
G:\RP\timitsplit\unvoiced\t_q_MRKM0_SX187_23560_25399.wav	1.0
G:\RP\timitsplit\unvoiced\s_MRKM0_SX7_47960_54000.wav	1.0
G:\RP\timitsplit\unvoiced\pcl_p_MRLD0_SX334_24200_26120.wav	1.0
G:\RP\timitsplit\unvoiced\f_MRLJ0_SI1420_19320_21840.wav	1.0
G:\RP\timitsplit\unvoiced\t_s_MRMB0_SI2211_38550_44080.wav	0.5
G:\RP\timitsplit\unvoiced\s_kcl_k_MRMG0_SX90_23227_26780.wav	0.0
G:\RP\timitsplit\unvoiced\pcl_p_MRPC1_SI2112_5280_7300.wav	1.0
G:\RP\timitsplit\unvoiced\s_q_MRSO0_SX129_16760_20003.wav	0.5
G:\RP\timitsplit\unvoiced\f_MRSO0_SX219_38015_40610.wav	1.0
G:\RP\timitsplit\unvoiced\s_MRWS0_SX22_28280_34080.wav	0.0
G:\RP\timitsplit\unvoiced\s_kcl_k_MSAH1_SX239_29953_32770.wav	0.0
G:\RP\timitsplit\unvoiced\s_k_MSAS0_SI746_27000_33921.wav	0.0
G:\RP\timitsplit\unvoiced\hh_ax-h_s_pcl_p_MSAT0_SX86_2039_4546.wav	0.8
G:\RP\timitsplit\unvoiced\s_hh_MSDS0_SI1707_25781_30030.wav	0.5
G:\RP\timitsplit\unvoiced\s_q_MSDS0_SI2337_7240_18946.wav	0.5
G:\RP\timitsplit\unvoiced\s_MSDS0_SX267_28433_38740.wav	0.0
G:\RP\timitsplit\unvoiced\s_kcl_k_MSEM1_SX90_23240_26940.wav	0.0
G:\RP\timitsplit\unvoiced\f_MSES0_SI2216_15206_16810.wav	1.0
G:\RP\timitsplit\unvoiced\s_kcl_k_MSES0_SX239_26680_29303.wav	1.0
G:\RP\timitsplit\unvoiced\s_pcl_p_MSES0_SX59_18540_21450.wav	0.3333333333333333
G:\RP\timitsplit\unvoiced\s_t_MSRR0_SI1131_11822_14610.wav	0.5
G:\RP\timitsplit\unvoiced\s_MSRR0_SI501_39380_41559.wav	1.0
G:\RP\timitsplit\unvoiced\s_MTAT1_SX239_48470_60400.wav	1.0
G:\RP\timitsplit\unvoiced\s_pcl_p_MTAT1_SX59_25160_29340.wav	0.3333333333333333
G:\RP\timitsplit\unvoiced\kcl_t_hh_MTCS0_SI1972_7160_11540.wav	0.3333333333333333
G:\RP\timitsplit\unvoiced\s_MTCS0_SI712_81130_86320.wav	1.0
G:\RP\timitsplit\unvoiced\pcl_p_MTDP0_SI1521_36520_44600.wav	3.0
G:\RP\timitsplit\unvoiced\s_MTER0_SI1787_36680_39320.wav	1.0
G:\RP\timitsplit\unvoiced\s_MTJS0_SX22_28407_34240.wav	1.0
G:\RP\timitsplit\unvoiced\hh_MTLB0_SI504_25640_29640.wav	1.0
G:\RP\timitsplit\unvoiced\s_kcl_k_MTML0_SI2325_12092_14484.wav	1.0
G:\RP\timitsplit\unvoiced\sh_pcl_p_MTML0_SX75_25030_28760.wav	0.3333333333333333
G:\RP\timitsplit\unvoiced\f_MTPF0_SX425_16334_18360.wav	1.0
G:\RP\timitsplit\unvoiced\kcl_k_s_pcl_p_MTPP0_SI1508_23960_26877.wav	1.0
G:\RP\timitsplit\unvoiced\kcl_k_s_MTWH1_SX432_32279_35341.wav	0.3333333333333333
G:\RP\timitsplit\unvoiced\f_MVLO0_SI1147_42760_47200.wav	2.0
G:\RP\timitsplit\unvoiced\s_MWAD0_SX432_49120_54000.wav	1.0
G:\RP\timitsplit\unvoiced\s_MWDK0_SI2017_30700_36400.wav	0.0
G:\RP\timitsplit\unvoiced\sh_ch_MWDK0_SI806_33460_36648.wav	1.5
G:\RP\timitsplit\unvoiced\hh_s_pcl_p_MWDK0_SX86_2520_6500.wav	0.25
G:\RP\timitsplit\unvoiced\s_pcl_p_MWEM0_SI1393_13033_16470.wav	0.0
G:\RP\timitsplit\unvoiced\s_MWRP0_SX3_18510_30960.wav	0.0
G:\RP\timitsplit\unvoiced\s_ax-h_pcl_p_MWSB0_SI2256_2320_5386.wav	0.25
G:\RP\timitsplit\unvoiced\pcl_p_MWSB0_SX186_18191_20470.wav	1.0
G:\RP\timitsplit\unvoiced\pcl_p_MWSB0_SX366_5970_8170.wav	1.0
G:\RP\timitsplit\unvoiced\kcl_t_MZMB0_SI1166_27800_30040.wav	1.0
G:\RP\timitsplit\unvoiced\sh_s_MZMB0_SI536_29785_33160.wav	1.0
G:\RP\timitsplit\unvoiced\s_pcl_p_MZMB0_SX86_3400_5880.wav	1.0
G:\RP\timitsplit\unvoiced\q_hh_MEWM0_SI1348_29242_31810.wav	1.0
G:\RP\timitsplit\unvoiced\s_t_q_FAPB0_SX73_36155_40925.wav	0.6666666666666666
G:\RP\timitsplit\unvoiced\f_s_dcl_FPMY0_SX73_5640_10665.wav	0.6666666666666666
G:\RP\timitsplit\unvoiced\s_pcl_p_FSJW0_SX73_21660_25130.wav	0.0
G:\RP\timitsplit\unvoiced\s_pcl_p_MCDD0_SX73_21690_24950.wav	0.0
G:\RP\timitsplit\unvoiced\s_pcl_p_MRWA0_SX73_19410_22840.wav	0.6666666666666666
G:\RP\timitsplit\unvoiced\f_s_FVMH0_SX296_29480_36160.wav	0.5
G:\RP\timitsplit\unvoiced\f_s_kcl_k_MPSW0_SX167_12274_15250.wav	0.25
G:\RP\timitsplit\unvoiced\f_s_MVJH0_SX296_29880_37600.wav	0.0
G:\RP\timitsplit\unvoiced\s_t_ax-h_kcl_k_MTJM0_SI1226_44440_48920.wav	0.2
G:\RP\timitsplit\unvoiced\kcl_k_t_FHLM0_SX210_40104_48160.wav	0.6666666666666666
G:\RP\timitsplit\unvoiced\kcl_t_FKKH0_SX210_29560_41040.wav	1.5
G:\RP\timitsplit\unvoiced\kcl_t_MCSS0_SX210_32200_37440.wav	0.0
G:\RP\timitsplit\unvoiced\f_s_t_MDTB0_SX210_7800_12760.wav	0.6666666666666666
G:\RP\timitsplit\unvoiced\kcl_t_MRJB1_SX210_34280_41920.wav	1.0
G:\RP\timitsplit\unvoiced\f_s_t_MRMS0_SX210_5091_9610.wav	0.6666666666666666
G:\RP\timitsplit\unvoiced\kcl_t_MTAT0_SX210_30200_34640.wav	1.0
G:\RP\timitsplit\unvoiced\f_t_FCEG0_SI1878_5480_7269.wav	1.0
G:\RP\timitsplit\unvoiced\pcl_p_FDNC0_SI1908_17400_20120.wav	1.0
G:\RP\timitsplit\unvoiced\s_t_FJSK0_SX242_13082_15280.wav	0.5
G:\RP\timitsplit\unvoiced\pcl_p_FSMS1_SX334_31313_33700.wav	1.0
G:\RP\timitsplit\unvoiced\s_MARC0_SI558_49920_54640.wav	0.0
G:\RP\timitsplit\unvoiced\f_t_MCAE0_SX187_8200_10580.wav	0.5
G:\RP\timitsplit\unvoiced\s_t_MDLM0_SX154_29493_34304.wav	1.5
G:\RP\timitsplit\unvoiced\s_t_MEJL0_SI1654_24270_26580.wav	1.0
G:\RP\timitsplit\unvoiced\f_t_MESJ0_SX187_6003_7950.wav	1.0
G:\RP\timitsplit\unvoiced\t_q_MGXP0_SX187_20428_24647.wav	1.5
G:\RP\timitsplit\unvoiced\kcl_k_MJRH1_SX334_18600_20845.wav	1.0
G:\RP\timitsplit\unvoiced\s_MKAJ0_SX154_30320_34240.wav	1.0
G:\RP\timitsplit\unvoiced\f_t_MLJH0_SX334_4440_7640.wav	0.5
G:\RP\timitsplit\unvoiced\f_t_MMEB0_SX187_7400_9540.wav	1.0
G:\RP\timitsplit\unvoiced\f_t_MMWB0_SI1619_7480_16119.wav	1.5
G:\RP\timitsplit\unvoiced\sh_MRMS0_SI2100_20940_23310.wav	1.0
G:\RP\timitsplit\unvoiced\s_t_MTJG0_SI1520_17160_19440.wav	1.0
G:\RP\timitsplit\unvoiced\f_t_MTPF0_SI1865_13480_14955.wav	1.0
G:\RP\timitsplit\unvoiced\gcl_ch_FGCS0_SX316_10231_13252.wav	0.5
G:\RP\timitsplit\unvoiced\gcl_ch_MDLB0_SX316_10360_13800.wav	0.5
G:\RP\timitsplit\unvoiced\s_MGAK0_SX316_34172_37440.wav	0.0
G:\RP\timitsplit\unvoiced\gcl_ch_MSFH0_SX316_10600_14078.wav	0.5
G:\RP\timitsplit\unvoiced\s_kcl_k_MSTF0_SX316_21650_26600.wav	0.3333333333333333
G:\RP\timitsplit\unvoiced\s_FBCH0_SX146_8744_11136.wav	0.0
G:\RP\timitsplit\unvoiced\s_FBMH0_SX146_2040_4760.wav	1.0
G:\RP\timitsplit\unvoiced\th_FBMJ0_SX426_34030_36302.wav	1.0
G:\RP\timitsplit\unvoiced\q_FCRZ0_SX253_4386_5430.wav	1.0
G:\RP\timitsplit\unvoiced\pcl_p_FDAW0_SX146_11640_13990.wav	1.0
G:\RP\timitsplit\unvoiced\q_FDML0_SX159_13963_16976.wav	0.0
G:\RP\timitsplit\unvoiced\kcl_k_hh_FDMY0_SX297_23268_26920.wav	0.0
G:\RP\timitsplit\unvoiced\s_bcl_FEEH0_SX32_35000_37806.wav	0.5
G:\RP\timitsplit\unvoiced\s_bcl_FJHK0_SX32_31320_34010.wav	0.5
G:\RP\timitsplit\unvoiced\kcl_t_q_FJKL0_SI2192_12657_16122.wav	0.6666666666666666
G:\RP\timitsplit\unvoiced\s_f_FJKL0_SX32_3530_6630.wav	0.5
G:\RP\timitsplit\unvoiced\s_pcl_p_FJSP0_SX84_44120_47338.wav	0.6666666666666666
G:\RP\timitsplit\unvoiced\s_FKAA0_SI1208_44084_49280.wav	1.0
G:\RP\timitsplit\unvoiced\hh_FKLC1_SI2308_25315_29040.wav	1.0
G:\RP\timitsplit\unvoiced\kcl_k_FLMA0_SI1873_49850_54400.wav	0.5
G:\RP\timitsplit\unvoiced\q_FLMA0_SX253_13784_14579.wav	1.0
G:\RP\timitsplit\unvoiced\kcl_k_hh_FLOD0_SX297_15560_17630.wav	1.0
G:\RP\timitsplit\unvoiced\s_FLTM0_SI1070_28506_33600.wav	0.0
G:\RP\timitsplit\unvoiced\pcl_p_FMAH1_SX159_48600_52960.wav	0.5
G:\RP\timitsplit\unvoiced\kcl_k_hh_FMEM0_SX297_20010_24100.wav	0.3333333333333333
G:\RP\timitsplit\unvoiced\kcl_k_t_FMKC0_SI1702_14454_17810.wav	0.3333333333333333
G:\RP\timitsplit\unvoiced\sh_FPAF0_SI1684_2330_5690.wav	1.0
G:\RP\timitsplit\unvoiced\pcl_p_FPJF0_SX146_10920_13190.wav	1.0
G:\RP\timitsplit\unvoiced\kcl_k_FPLS0_SX240_15164_17520.wav	1.0
G:\RP\timitsplit\unvoiced\q_hh_FPMY0_SX253_17879_23240.wav	0.5
G:\RP\timitsplit\unvoiced\q_FSGF0_SX297_26280_28301.wav	1.0
G:\RP\timitsplit\unvoiced\gcl_FSJW0_SX253_12360_13120.wav	1.0
G:\RP\timitsplit\unvoiced\s_FTAJ0_SX159_27480_30010.wav	1.0
G:\RP\timitsplit\unvoiced\s_f_FVFB0_SI1032_21393_24340.wav	1.0
G:\RP\timitsplit\unvoiced\s_sh_FVFB0_SX42_22725_25859.wav	0.5
G:\RP\timitsplit\unvoiced\q_s_t_MMDM0_SX321_35381_38600.wav	0.3333333333333333
G:\RP\timitsplit\unvoiced\gcl_k_MRMB0_SX321_13086_16368.wav	0.5
G:\RP\timitsplit\unvoiced\th_th_MAEO0_SX426_31640_37066.wav	1.0
G:\RP\timitsplit\unvoiced\s_MAFM0_SI1569_9150_10778.wav	1.0
G:\RP\timitsplit\unvoiced\s_MAKR0_SI1982_19400_26410.wav	1.0
G:\RP\timitsplit\unvoiced\kcl_k_s_MBGT0_SI1341_5013_7457.wav	1.0
G:\RP\timitsplit\unvoiced\s_bcl_MBTH0_SX32_35080_37520.wav	0.5
G:\RP\timitsplit\unvoiced\s_t_MBWP0_SI1531_13880_16330.wav	1.0
G:\RP\timitsplit\unvoiced\kcl_k_MCAE0_SX97_42018_45120.wav	1.0
G:\RP\timitsplit\unvoiced\t_s_f_MCDC0_SX32_4280_6810.wav	1.0
G:\RP\timitsplit\unvoiced\t_MCDD0_SX253_15000_18000.wav	1.0
G:\RP\timitsplit\unvoiced\s_MCDR0_SI1784_26276_29187.wav	1.0
G:\RP\timitsplit\unvoiced\pcl_p_MDBB1_SI1636_24200_29120.wav	2.0
G:\RP\timitsplit\unvoiced\s_MDDC0_SX159_33336_36070.wav	1.0
G:\RP\timitsplit\unvoiced\s_MDPB0_SX146_2340_4950.wav	1.0
G:\RP\timitsplit\unvoiced\s_f_MDRD0_SX32_3984_7190.wav	1.0
G:\RP\timitsplit\unvoiced\s_t_MDSS1_SX67_24040_26940.wav	0.5
G:\RP\timitsplit\unvoiced\kcl_k_MESJ0_SX97_28960_32800.wav	1.0
G:\RP\timitsplit\unvoiced\pcl_p_MFER0_SI2122_10206_12508.wav	1.0
G:\RP\timitsplit\unvoiced\s_s_MGAK0_SI1036_65325_72960.wav	1.0
G:\RP\timitsplit\unvoiced\kcl_s_q_MHIT0_SI2243_7400_9920.wav	0.6666666666666666
G:\RP\timitsplit\unvoiced\kcl_k_MHJB0_SX297_13594_14980.wav	1.0
G:\RP\timitsplit\unvoiced\gcl_MJDA0_SI1661_13253_14030.wav	1.0
G:\RP\timitsplit\unvoiced\kcl_k_MJDM0_SX80_32599_37840.wav	0.0
G:\RP\timitsplit\unvoiced\kcl_k_MJEB1_SX297_19160_20553.wav	1.0
G:\RP\timitsplit\unvoiced\kcl_hh_MJFH0_SX297_15720_17560.wav	1.0
G:\RP\timitsplit\unvoiced\pcl_p_MJJM0_SI1251_38960_40940.wav	1.0
G:\RP\timitsplit\unvoiced\s_MJJM0_SI827_34460_36030.wav	1.0
G:\RP\timitsplit\unvoiced\pcl_p_s_MJMA0_SI1495_16688_20000.wav	1.0
G:\RP\timitsplit\unvoiced\s_t_MJRH1_SI1774_28365_30830.wav	1.0
G:\RP\timitsplit\unvoiced\s_t_MJSR0_SX164_48130_55520.wav	0.5
G:\RP\timitsplit\unvoiced\sh_MJXL0_SI1795_4200_7080.wav	1.0
G:\RP\timitsplit\unvoiced\s_MKAM0_SX146_2548_5000.wav	1.0
G:\RP\timitsplit\unvoiced\pcl_p_f_t_MKJO0_SI887_18360_22750.wav	0.75
G:\RP\timitsplit\unvoiced\pcl_p_MLBC0_SX159_40600_44400.wav	0.5
G:\RP\timitsplit\unvoiced\pcl_p_t_ax-h_s_MMAB1_SI1494_4852_10121.wav	0.8
G:\RP\timitsplit\unvoiced\s_MMAM0_SX67_45800_49040.wav	1.0
G:\RP\timitsplit\unvoiced\gcl_MMAR0_SI706_12484_13880.wav	1.0
G:\RP\timitsplit\unvoiced\s_ax-h_kcl_s_MMDS0_SI713_13345_17086.wav	0.5
G:\RP\timitsplit\unvoiced\sh_MMGG0_SI2339_7979_10640.wav	1.0
G:\RP\timitsplit\unvoiced\s_MMGK0_SI1952_15930_20000.wav	0.0
G:\RP\timitsplit\unvoiced\kcl_f_MNET0_SI2076_19425_21550.wav	1.0
G:\RP\timitsplit\unvoiced\t_ax-h_kcl_k_MPEB0_SX240_12280_15720.wav	0.5
G:\RP\timitsplit\unvoiced\s_MPGR0_SX240_36050_42080.wav	1.0
G:\RP\timitsplit\unvoiced\s_MRDD0_SX240_39110_44240.wav	1.0
G:\RP\timitsplit\unvoiced\s_t_MRDM0_SI1044_23269_27140.wav	0.5
G:\RP\timitsplit\unvoiced\s_MRDM0_SI965_33295_35656.wav	1.0
G:\RP\timitsplit\unvoiced\s_MREH1_SX159_14700_17430.wav	1.0
G:\RP\timitsplit\unvoiced\s_MREW1_SX240_41855_46080.wav	0.0
G:\RP\timitsplit\unvoiced\kcl_k_MRKM0_SX97_37416_44640.wav	1.0
G:\RP\timitsplit\unvoiced\s_t_MRLK0_SX213_28250_33840.wav	1.5
G:\RP\timitsplit\unvoiced\t_ax-h_kcl_k_MRVG0_SX240_13080_15880.wav	0.5
G:\RP\timitsplit\unvoiced\s_MRWA0_SI973_33215_35521.wav	1.0
G:\RP\timitsplit\unvoiced\q_MRWA0_SX253_15080_16132.wav	1.0
G:\RP\timitsplit\unvoiced\s_MSFH0_SI1216_42370_45085.wav	0.0
G:\RP\timitsplit\unvoiced\kcl_k_s_MTDP0_SI2151_16835_21070.wav	0.0
G:\RP\timitsplit\unvoiced\pcl_p_MTJM0_SX146_10440_13160.wav	1.0
G:\RP\timitsplit\unvoiced\s_kcl_k_MTML0_SI1065_12580_15240.wav	0.0
G:\RP\timitsplit\unvoiced\s_t_MTPG0_SX213_35000_39600.wav	0.5
G:\RP\timitsplit\unvoiced\q_MTQC0_SI2071_15265_17420.wav	0.0
G:\RP\timitsplit\unvoiced\kcl_k_MWEM0_SX240_14800_17160.wav	0.5
G:\RP\timitsplit\unvoiced\hh_FBAS0_SX127_11906_14746.wav	1.0
G:\RP\timitsplit\unvoiced\s_t_FCDR1_SX106_19000_22680.wav	0.5
G:\RP\timitsplit\unvoiced\hh_FCDR1_SX16_19640_21880.wav	1.0
G:\RP\timitsplit\unvoiced\s_FCMG0_SI1872_36864_42640.wav	1.0
G:\RP\timitsplit\unvoiced\pcl_p_s_FDFB0_SI1948_13680_15962.wav	1.0
G:\RP\timitsplit\unvoiced\s_kcl_k_FDKN0_SI1081_42246_48160.wav	0.0
G:\RP\timitsplit\unvoiced\th_FEXM0_SI1101_18200_20440.wav	1.0
G:\RP\timitsplit\unvoiced\q_FGRW0_SI1990_31791_36720.wav	4.0
G:\RP\timitsplit\unvoiced\t_FLKM0_SI1880_47520_51040.wav	0.0
G:\RP\timitsplit\unvoiced\kcl_p_FNKL0_SX196_16720_19480.wav	1.0
G:\RP\timitsplit\unvoiced\s_FTMG0_SI2162_32168_37920.wav	1.0
G:\RP\timitsplit\unvoiced\s_kcl_k_MAEO0_SX246_22280_24939.wav	0.0
G:\RP\timitsplit\unvoiced\hh_MBMA1_SX144_16860_20465.wav	1.0
G:\RP\timitsplit\unvoiced\s_t_MBML0_SI1799_33880_36929.wav	0.5
G:\RP\timitsplit\unvoiced\s_MDBB1_SX196_24850_30880.wav	1.0
G:\RP\timitsplit\unvoiced\s_MDED0_SI1170_41320_50560.wav	1.0
G:\RP\timitsplit\unvoiced\s_q_MDJM0_SX15_29220_34172.wav	0.0
G:\RP\timitsplit\unvoiced\t_MDWD0_SI557_9023_10520.wav	1.0
G:\RP\timitsplit\unvoiced\sh_MEAL0_SI2177_2380_4320.wav	1.0
G:\RP\timitsplit\unvoiced\pcl_k_MEAL0_SX107_17400_19640.wav	1.0
G:\RP\timitsplit\unvoiced\hh_MHMG0_SX15_12031_13230.wav	1.0
G:\RP\timitsplit\unvoiced\kcl_k_MHRM0_SI2218_40760_44880.wav	0.5
G:\RP\timitsplit\unvoiced\kcl_k_s_MJJM0_SX107_20511_22892.wav	0.6666666666666666
G:\RP\timitsplit\unvoiced\s_MJKR0_SX391_33640_38240.wav	0.0
G:\RP\timitsplit\unvoiced\sh_MJWG0_SI2155_23260_25280.wav	1.0
G:\RP\timitsplit\unvoiced\s_MJWT0_SX391_31590_36960.wav	0.0
G:\RP\timitsplit\unvoiced\hh_MKDD0_SX127_12073_13990.wav	1.0
G:\RP\timitsplit\unvoiced\hh_MKLS1_SX15_12520_14310.wav	1.0
G:\RP\timitsplit\unvoiced\hh_MKLW0_SI1844_1474_2744.wav	1.0
G:\RP\timitsplit\unvoiced\sh_MKXL0_SX15_24040_25859.wav	1.0
G:\RP\timitsplit\unvoiced\s_pcl_p_ax-h_kcl_t_MLEL0_SI1246_34081_38814.wav	0.3333333333333333
G:\RP\timitsplit\unvoiced\s_MMXS0_SI876_29828_34000.wav	0.0
G:\RP\timitsplit\unvoiced\s_MPGH0_SX24_15720_17290.wav	1.0
G:\RP\timitsplit\unvoiced\s_kcl_k_MPRK0_SX107_37800_41640.wav	0.0
G:\RP\timitsplit\unvoiced\hh_MRMB0_SX231_3610_4078.wav	1.0
G:\RP\timitsplit\unvoiced\sh_MRMH0_SI2281_43810_45793.wav	1.0
G:\RP\timitsplit\unvoiced\sh_MRML0_SI2051_5639_8830.wav	1.0
G:\RP\timitsplit\unvoiced\s_kcl_k_MSDB0_SX107_27070_30540.wav	0.3333333333333333
G:\RP\timitsplit\unvoiced\kcl_k_hh_MSDH0_SI2113_12040_14430.wav	0.3333333333333333
G:\RP\timitsplit\unvoiced\kcl_k_s_q_MTKD0_SX107_24814_28184.wav	0.75
G:\RP\timitsplit\unvoiced\k_MTKD0_SX17_2096_3400.wav	1.0
G:\RP\timitsplit\unvoiced\s_s_MTPR0_SX430_21960_32392.wav	1.5
G:\RP\timitsplit\unvoiced\kcl_k_MWAD0_SI2322_15080_16650.wav	1.0
G:\RP\timitsplit\unvoiced\s_FEEH0_SX122_48120_52560.wav	0.0
G:\RP\timitsplit\unvoiced\s_FSMM0_SI684_42680_49040.wav	1.0
G:\RP\timitsplit\unvoiced\kcl_FVFB0_SI2292_14076_15720.wav	1.0
G:\RP\timitsplit\unvoiced\kcl_k_s_MDEF0_SX33_25440_27300.wav	1.0
G:\RP\timitsplit\unvoiced\s_MJDM0_SI1340_73830_86720.wav	0.0
G:\RP\timitsplit\unvoiced\kcl_k_FBAS0_SX397_42040_53200.wav	1.0
G:\RP\timitsplit\unvoiced\s_FBCH0_SX326_47066_51760.wav	1.0
G:\RP\timitsplit\unvoiced\s_FBMH0_SX326_34360_38880.wav	0.0
G:\RP\timitsplit\unvoiced\sh_bcl_FBMJ0_SI815_5096_14440.wav	0.5
G:\RP\timitsplit\unvoiced\kcl_k_FCJF0_SX397_35080_39120.wav	0.5
G:\RP\timitsplit\unvoiced\t_sh_FCKE0_SX391_18200_20200.wav	1.0
G:\RP\timitsplit\unvoiced\kcl_k_FCLT0_SI1438_29520_31490.wav	1.0
G:\RP\timitsplit\unvoiced\kcl_k_s_q_FCMM0_SI1083_12280_15456.wav	0.75
G:\RP\timitsplit\unvoiced\kcl_k_FCYL0_SX397_39979_50640.wav	2.0
G:\RP\timitsplit\unvoiced\s_FDAW0_SX326_36800_45920.wav	1.0
G:\RP\timitsplit\unvoiced\kcl_k_FDJH0_SX125_33240_38240.wav	0.5
G:\RP\timitsplit\unvoiced\s_FDTD0_SX391_35790_41360.wav	0.0
G:\RP\timitsplit\unvoiced\kcl_k_s_ax-h_kcl_k_FJEN0_SX147_11336_16640.wav	0.0
G:\RP\timitsplit\unvoiced\kcl_k_FJSP0_SI1763_13960_19680.wav	1.0
G:\RP\timitsplit\unvoiced\s_FJWB1_SI2055_31160_34000.wav	1.0
G:\RP\timitsplit\unvoiced\t_s_t_FJXM0_SI1971_8605_12407.wav	0.6666666666666666
G:\RP\timitsplit\unvoiced\pcl_p_s_FKDE0_SI2221_25240_28440.wav	0.3333333333333333
G:\RP\timitsplit\unvoiced\kcl_k_FKDW0_SX397_39960_45520.wav	1.5
G:\RP\timitsplit\unvoiced\pcl_p_FKKH0_SX30_26067_30400.wav	1.5
G:\RP\timitsplit\unvoiced\kcl_k_FKLH0_SI1887_14520_16600.wav	1.0
G:\RP\timitsplit\unvoiced\kcl_k_FKLH0_SX177_11005_13446.wav	0.0
G:\RP\timitsplit\unvoiced\kcl_k_FKSR0_SX397_39895_44000.wav	1.0
G:\RP\timitsplit\unvoiced\t_s_FLAG0_SI1464_75040_81200.wav	0.5
G:\RP\timitsplit\unvoiced\kcl_k_sh_FLET0_SX147_26120_28680.wav	1.0
G:\RP\timitsplit\unvoiced\s_t_FLJD0_SX256_15320_17730.wav	0.5
G:\RP\timitsplit\unvoiced\s_FMJB0_SX277_26440_29560.wav	1.0
G:\RP\timitsplit\unvoiced\kcl_k_FMJB0_SX97_34172_37760.wav	2.0
G:\RP\timitsplit\unvoiced\kcl_k_FMMH0_SX97_31880_35840.wav	0.5
G:\RP\timitsplit\unvoiced\t_FNTB0_SX33_39956_43040.wav	1.0
G:\RP\timitsplit\unvoiced\s_FPAB1_SX391_32130_37840.wav	0.0
G:\RP\timitsplit\unvoiced\s_FPAC0_SX391_33136_38320.wav	0.0
G:\RP\timitsplit\unvoiced\t_s_t_FPAF0_SX424_31900_34180.wav	1.0
G:\RP\timitsplit\unvoiced\s_t_FPJF0_SX326_2360_4770.wav	0.5
G:\RP\timitsplit\unvoiced\kcl_k_s_kcl_k_FPLS0_SX150_22642_26510.wav	0.2
G:\RP\timitsplit\unvoiced\s_FREH0_SI1315_6280_8120.wav	1.0
G:\RP\timitsplit\unvoiced\s_hh_FRJB0_SI1470_12760_15470.wav	1.0
G:\RP\timitsplit\unvoiced\kcl_k_FSAG0_SI1953_9640_11018.wav	1.0
G:\RP\timitsplit\unvoiced\kcl_k_FSDJ0_SX125_28680_33440.wav	0.5
G:\RP\timitsplit\unvoiced\kcl_k_FSJK1_SX125_31800_36160.wav	0.5
G:\RP\timitsplit\unvoiced\s_f_FSKL0_SI1529_14100_16400.wav	1.0
G:\RP\timitsplit\unvoiced\kcl_k_s_FSMM0_SX54_44120_47612.wav	0.0
G:\RP\timitsplit\unvoiced\kcl_k_s_FTLG0_SI840_8360_11000.wav	0.6666666666666666
G:\RP\timitsplit\unvoiced\kcl_k_s_FTLG0_SX33_23320_25880.wav	0.3333333333333333
G:\RP\timitsplit\unvoiced\s_kcl_k_MADC0_SX107_30913_33410.wav	0.6666666666666666
G:\RP\timitsplit\unvoiced\s_pcl_p_MAEO0_SI1956_16704_19349.wav	0.6666666666666666
G:\RP\timitsplit\unvoiced\t_s_MAPV0_SI663_35180_44400.wav	0.5
G:\RP\timitsplit\unvoiced\q_k_MAPV0_SX33_7644_10460.wav	0.5
G:\RP\timitsplit\unvoiced\kcl_t_q_MBCG0_SX147_5400_8898.wav	1.0
G:\RP\timitsplit\unvoiced\kcl_s_MBMA1_SX54_38884_41290.wav	1.0
G:\RP\timitsplit\unvoiced\t_s_MCAE0_SX277_39802_44720.wav	1.5
G:\RP\timitsplit\unvoiced\s_kcl_s_MCAL0_SI508_6120_11160.wav	0.0
G:\RP\timitsplit\unvoiced\kcl_k_MCHL0_SX177_12281_14160.wav	1.0
G:\RP\timitsplit\unvoiced\pcl_p_MCSS0_SX30_28520_32320.wav	0.0
G:\RP\timitsplit\unvoiced\kcl_k_MDHS0_SI1530_36600_40960.wav	1.0
G:\RP\timitsplit\unvoiced\s_t_MDKS0_SX256_18780_21880.wav	0.5
G:\RP\timitsplit\unvoiced\s_s_MDLH0_SX430_20840_29840.wav	0.5
G:\RP\timitsplit\unvoiced\s_t_MDPB0_SX326_7200_10160.wav	0.5
G:\RP\timitsplit\unvoiced\pcl_p_MDPS0_SI1651_13240_15420.wav	1.0
G:\RP\timitsplit\unvoiced\s_MDRD0_SX122_52280_57744.wav	0.0
G:\RP\timitsplit\unvoiced\s_ch_MDWH0_SX125_4680_9058.wav	0.5
G:\RP\timitsplit\unvoiced\kcl_k_MEAL0_SI917_30600_34240.wav	1.0
G:\RP\timitsplit\unvoiced\kcl_k_MEGJ0_SI1967_7880_10150.wav	1.0
G:\RP\timitsplit\unvoiced\s_f_MFXS0_SX54_23730_27270.wav	1.0
G:\RP\timitsplit\unvoiced\kcl_k_s_kcl_k_MGRL0_SX147_6925_10700.wav	0.2
G:\RP\timitsplit\unvoiced\kcl_k_MJAE0_SI2154_26280_28580.wav	1.0
G:\RP\timitsplit\unvoiced\s_t_MJEB0_SI656_6020_9200.wav	0.5
G:\RP\timitsplit\unvoiced\kcl_k_MJJM0_SX287_26840_28810.wav	1.0
G:\RP\timitsplit\unvoiced\kcl_s_kcl_k_MJKR0_SI1201_16680_21639.wav	0.75
G:\RP\timitsplit\unvoiced\kcl_k_MJMD0_SI1028_31987_36480.wav	0.5
G:\RP\timitsplit\unvoiced\pcl_p_MJMD0_SX38_11738_15119.wav	1.0
G:\RP\timitsplit\unvoiced\s_MJRA0_SI606_9320_12280.wav	0.0
G:\RP\timitsplit\unvoiced\s_MJWS0_SI1773_38600_43520.wav	0.0
G:\RP\timitsplit\unvoiced\pcl_p_MKAG0_SX30_23800_29840.wav	1.0
G:\RP\timitsplit\unvoiced\kcl_k_s_MKAM0_SX326_14440_18280.wav	0.0
G:\RP\timitsplit\unvoiced\kcl_k_MKDD0_SX397_43707_48960.wav	0.5
G:\RP\timitsplit\unvoiced\kcl_k_MKLS0_SX177_5720_8290.wav	1.0
G:\RP\timitsplit\unvoiced\sh_MKLS1_SI2175_3570_5740.wav	1.0
G:\RP\timitsplit\unvoiced\s_t_MLEL0_SX256_29868_32571.wav	0.5
G:\RP\timitsplit\unvoiced\s_t_MLNS0_SX147_21810_24070.wav	1.0
G:\RP\timitsplit\unvoiced\kcl_k_MMAA0_SX125_36920_44960.wav	2.0
G:\RP\timitsplit\unvoiced\s_pcl_p_MMAB1_SI864_35929_39297.wav	0.0
G:\RP\timitsplit\unvoiced\kcl_k_s_MMAB1_SX54_48195_51141.wav	0.3333333333333333
G:\RP\timitsplit\unvoiced\s_t_MMAR0_SX256_27522_30579.wav	0.5
G:\RP\timitsplit\unvoiced\kcl_k_MMDB0_SX177_10040_12200.wav	1.0
G:\RP\timitsplit\unvoiced\kcl_k_MMDM0_SX141_35400_39000.wav	0.0
G:\RP\timitsplit\unvoiced\s_MMEA0_SX38_37140_41920.wav	0.0
G:\RP\timitsplit\unvoiced\kcl_k_MMEB0_SX97_31400_43680.wav	1.0
G:\RP\timitsplit\unvoiced\t_q_MMLM0_SI897_19010_21263.wav	1.0
G:\RP\timitsplit\unvoiced\kcl_k_MMLM0_SX177_6592_8700.wav	1.0
G:\RP\timitsplit\unvoiced\kcl_k_s_MMRP0_SX54_51320_54364.wav	0.0
G:\RP\timitsplit\unvoiced\kcl_k_s_kcl_k_MPEB0_SX150_24563_27884.wav	0.4
G:\RP\timitsplit\unvoiced\s_MPGH0_SI924_5850_7930.wav	1.0
G:\RP\timitsplit\unvoiced\kcl_k_s_kcl_k_MPGR0_SX150_18440_21640.wav	0.4
G:\RP\timitsplit\unvoiced\kcl_k_MPRB0_SX125_39320_44080.wav	0.5
G:\RP\timitsplit\unvoiced\kcl_t_MRAB1_SX38_36360_38910.wav	1.0
G:\RP\timitsplit\unvoiced\kcl_k_MRDS0_SX177_21597_23320.wav	1.0
G:\RP\timitsplit\unvoiced\kcl_k_s_kcl_k_MREW1_SX150_24200_27640.wav	0.6
G:\RP\timitsplit\unvoiced\t_s_kcl_k_MRFK0_SI1706_14680_17710.wav	0.75
G:\RP\timitsplit\unvoiced\s_t_MRFL0_SI1156_61984_65160.wav	0.5
G:\RP\timitsplit\unvoiced\s_t_MRFL0_SX256_18680_21240.wav	0.5
G:\RP\timitsplit\unvoiced\pcl_p_MRJB1_SX30_27360_33440.wav	0.5
G:\RP\timitsplit\unvoiced\kcl_t_MRJM1_SX38_31240_33960.wav	1.5
G:\RP\timitsplit\unvoiced\kcl_s_MRLK0_SI2140_51800_62400.wav	0.5
G:\RP\timitsplit\unvoiced\kcl_s_MRLK0_SX33_18840_20600.wav	1.0
G:\RP\timitsplit\unvoiced\kcl_k_MRMH0_SX391_9600_11321.wav	1.0
G:\RP\timitsplit\unvoiced\pcl_p_MRMS0_SX30_22600_26880.wav	0.5
G:\RP\timitsplit\unvoiced\s_MRSP0_SI799_24680_28920.wav	0.0
G:\RP\timitsplit\unvoiced\kcl_k_s_kcl_MRVG0_SX150_23960_27640.wav	0.25
G:\RP\timitsplit\unvoiced\kcl_k_MSDS0_SX177_10760_13310.wav	0.5
G:\RP\timitsplit\unvoiced\kcl_k_s_MSMC0_SX107_39320_42520.wav	0.0
G:\RP\timitsplit\unvoiced\pcl_p_MSRR0_SX30_23728_29200.wav	0.5
G:\RP\timitsplit\unvoiced\kcl_k_MTAS0_SX125_27320_31360.wav	1.0
G:\RP\timitsplit\unvoiced\pcl_p_MTAT0_SX30_24920_28320.wav	1.5
G:\RP\timitsplit\unvoiced\s_t_MTJM0_SX326_2432_7240.wav	0.5
G:\RP\timitsplit\unvoiced\kcl_k_s_MTKP0_SX33_22638_24772.wav	1.0
G:\RP\timitsplit\unvoiced\kcl_k_MTLB0_SI1764_19720_22410.wav	0.5
G:\RP\timitsplit\unvoiced\kcl_k_s_MTLB0_SX54_42200_45407.wav	0.0
G:\RP\timitsplit\unvoiced\kcl_k_MTLC0_SX397_35880_40080.wav	1.0
G:\RP\timitsplit\unvoiced\s_dcl_MTPG0_SX33_27730_29800.wav	1.0
G:\RP\timitsplit\unvoiced\kcl_k_s_MTPP0_SI878_28840_40480.wav	0.0
G:\RP\timitsplit\unvoiced\s_MTRT0_SI597_34920_39520.wav	0.0
G:\RP\timitsplit\unvoiced\kcl_k_s_kcl_k_MTRT0_SX147_10600_14663.wav	0.0
G:\RP\timitsplit\unvoiced\kcl_s_kcl_k_MWEM0_SX150_33400_37340.wav	0.25
G:\RP\timitsplit\unvoiced\s_t_MWSH0_SX256_17880_20390.wav	0.5
G:\RP\timitsplit\unvoiced\kcl_k_t_FKAA0_SX38_41524_44680.wav	1.0
G:\RP\timitsplit\unvoiced\kcl_t_MSVS0_SX38_42440_45460.wav	0.5
G:\RP\timitsplit\unvoiced\s_ax-h_pcl_p_MTMT0_SX38_16760_20280.wav	0.0
G:\RP\timitsplit\unvoiced\kcl_k_sh_FJSP0_SI804_33427_35950.wav	1.0
G:\RP\timitsplit\unvoiced\kcl_k_sh_MGAR0_SI1842_15720_25240.wav	0.3333333333333333
G:\RP\timitsplit\unvoiced\kcl_k_s_ax-h_kcl_k_MGRP0_SX147_9560_14760.wav	0.3333333333333333
G:\RP\timitsplit\unvoiced\th_MBOM0_SI1644_26754_30640.wav	2.0
G:\RP\timitsplit\unvoiced\s_kcl_k_MRDD0_SX150_8589_12683.wav	0.0
G:\RP\timitsplit\unvoiced\kcl_k_s_MGSL0_SX354_29660_32040.wav	1.0
G:\RP\timitsplit\unvoiced\s_MJAC0_SI2148_16370_26480.wav	1.0
G:\RP\timitsplit\unvoiced\kcl_k_s_pcl_p_FJLR0_SI601_9880_13409.wav	0.4
G:\RP\timitsplit\unvoiced\t_s_FPJF0_SI1046_37550_41920.wav	0.5
G:\RP\timitsplit\unvoiced\s_kcl_k_FSJS0_SX91_33400_37263.wav	0.0
G:\RP\timitsplit\unvoiced\s_MDMT0_SX122_50165_54640.wav	0.0
G:\RP\timitsplit\unvoiced\s_MJLG1_SI1642_9100_11330.wav	1.0
G:\RP\timitsplit\unvoiced\s_MRSP0_SX196_24370_28800.wav	0.0
G:\RP\timitsplit\unvoiced\kcl_q_FDMY0_SI714_45621_54624.wav	1.0
G:\RP\timitsplit\unvoiced\s_MJFH0_SI1107_36840_41440.wav	0.0
G:\RP\timitsplit\unvoiced\s_pcl_p_FDKN0_SX91_8590_12574.wav	0.0
G:\RP\timitsplit\unvoiced\s_pcl_p_FLAC0_SX91_6060_9540.wav	0.6666666666666666
G:\RP\timitsplit\unvoiced\s_pcl_p_FSMA0_SX91_5938_9560.wav	0.3333333333333333
G:\RP\timitsplit\unvoiced\kcl_t_MBMA1_SI2207_18287_29680.wav	1.0
G:\RP\timitsplit\unvoiced\pcl_th_FLMK0_SX225_4604_6750.wav	1.0
G:\RP\timitsplit\unvoiced\s_kcl_k_FSMM0_SX144_24120_27320.wav	0.3333333333333333
G:\RP\timitsplit\unvoiced\k_MADC0_SX17_2190_3640.wav	1.0
G:\RP\timitsplit\unvoiced\t_MJAE0_SX84_59020_70960.wav	1.0
G:\RP\timitsplit\unvoiced\k_MJJM0_SX17_3490_4250.wav	1.0
G:\RP\timitsplit\unvoiced\th_MJRH0_SX225_7880_9800.wav	1.0
G:\RP\timitsplit\unvoiced\pcl_p_MJRP0_SX225_4135_5806.wav	1.0
G:\RP\timitsplit\unvoiced\s_kcl_k_MMRP0_SX144_33990_36700.wav	0.3333333333333333
G:\RP\timitsplit\unvoiced\s_t_MPRB0_SI1215_3960_9000.wav	1.0
G:\RP\timitsplit\unvoiced\k_MPRK0_SX17_2120_3480.wav	1.0
G:\RP\timitsplit\unvoiced\k_MSDB0_SX17_2160_3140.wav	1.0
G:\RP\timitsplit\unvoiced\k_MSMC0_SX17_2040_3480.wav	1.0
G:\RP\timitsplit\unvoiced\k_MTER0_SX17_2120_3320.wav	1.0
G:\RP\timitsplit\unvoiced\k_MTJU0_SI2269_2290_3390.wav	1.0
G:\RP\timitsplit\unvoiced\s_kcl_k_MTLB0_SX144_26356_29570.wav	1.0
G:\RP\timitsplit\unvoiced\t_s_kcl_k_FDFB0_SX148_28320_31530.wav	0.25
G:\RP\timitsplit\unvoiced\s_FKAA0_SX308_38714_56800.wav	1.0
G:\RP\timitsplit\unvoiced\pcl_MKLR0_SX159_43960_47040.wav	1.0
G:\RP\timitsplit\unvoiced\s_f_MRJM1_SX308_23800_30955.wav	0.5
G:\RP\timitsplit\unvoiced\s_MTMT0_SX308_37720_42240.wav	0.0
G:\RP\timitsplit\unvoiced\s_t_FBLV0_SX248_28180_31060.wav	0.5
G:\RP\timitsplit\unvoiced\q_FCJF0_SX127_3757_5045.wav	1.0
G:\RP\timitsplit\unvoiced\pcl_p_FCRZ0_SI793_33800_44800.wav	1.0
G:\RP\timitsplit\unvoiced\pcl_p_FCYL0_SX127_24288_25720.wav	1.0
G:\RP\timitsplit\unvoiced\pcl_p_FDML0_SX249_24280_26718.wav	1.0
G:\RP\timitsplit\unvoiced\s_t_FECD0_SX248_35600_39348.wav	0.5
G:\RP\timitsplit\unvoiced\s_t_FETB0_SX248_32279_35509.wav	0.5
G:\RP\timitsplit\unvoiced\s_FJLG0_SI1506_11176_13640.wav	1.0
G:\RP\timitsplit\unvoiced\pcl_p_FKDW0_SX127_7000_8500.wav	1.0
G:\RP\timitsplit\unvoiced\q_FTAJ0_SX249_31665_34240.wav	1.0
G:\RP\timitsplit\unvoiced\pcl_p_s_FTAJ0_SX69_32119_38240.wav	0.0
G:\RP\timitsplit\unvoiced\pcl_p_MBJV0_SX257_7320_8563.wav	1.0
G:\RP\timitsplit\unvoiced\s_MDBP0_SI1158_20920_23160.wav	1.0
G:\RP\timitsplit\unvoiced\s_t_MDDC0_SX249_18310_20710.wav	0.5
G:\RP\timitsplit\unvoiced\s_t_MDEM0_SX248_33986_36809.wav	0.5
G:\RP\timitsplit\unvoiced\s_pcl_p_MDSS1_SX157_8060_11160.wav	0.0
G:\RP\timitsplit\unvoiced\pcl_p_MGSH0_SX127_27960_29480.wav	1.0
G:\RP\timitsplit\unvoiced\s_pcl_p_MJEE0_SX157_8760_12280.wav	0.3333333333333333
G:\RP\timitsplit\unvoiced\s_MJFR0_SI975_21530_24146.wav	1.0
G:\RP\timitsplit\unvoiced\s_t_MJHI0_SX248_26920_30050.wav	1.0
G:\RP\timitsplit\unvoiced\s_t_MKLN0_SX248_27761_30510.wav	0.0
G:\RP\timitsplit\unvoiced\t_MKLR0_SX249_36610_42080.wav	1.0
G:\RP\timitsplit\unvoiced\t_MLBC0_SX249_34600_38240.wav	1.0
G:\RP\timitsplit\unvoiced\th_kcl_k_MLNS0_SI1407_10608_13640.wav	0.6666666666666666
G:\RP\timitsplit\unvoiced\s_MLSH0_SX157_36469_40800.wav	3.0
G:\RP\timitsplit\unvoiced\pcl_p_MPSW0_SX257_5960_7270.wav	1.0
G:\RP\timitsplit\unvoiced\pcl_p_MREH1_SX249_34712_37460.wav	1.0
G:\RP\timitsplit\unvoiced\pcl_p_MRJM1_SI668_33400_35007.wav	1.0
G:\RP\timitsplit\unvoiced\pcl_t_t_MRVG0_SI1770_18760_23101.wav	0.6666666666666666
G:\RP\timitsplit\unvoiced\pcl_p_MTLC0_SX127_21083_22680.wav	1.0
G:\RP\timitsplit\unvoiced\s_t_MTPP0_SX248_27320_29660.wav	1.0
G:\RP\timitsplit\unvoiced\s_kcl_f_MTRT0_SX57_27112_31192.wav	1.0
G:\RP\timitsplit\unvoiced\s_pcl_p_MVLO0_SX157_9240_12120.wav	1.0
G:\RP\timitsplit\unvoiced\s_pcl_p_MWRE0_SX157_11030_13911.wav	0.3333333333333333
G:\RP\timitsplit\unvoiced\pcl_p_sh_MJRP0_SI1835_7634_11793.wav	0.3333333333333333
G:\RP\timitsplit\unvoiced\sh_s_FJWB1_SX345_6760_9380.wav	1.0
G:\RP\timitsplit\unvoiced\s_FLAG0_SX24_31820_33950.wav	1.0
G:\RP\timitsplit\unvoiced\q_FLJG0_SX261_17400_18251.wav	1.0
G:\RP\timitsplit\unvoiced\s_pcl_p_FMAH1_SX249_29201_33100.wav	0.6666666666666666
G:\RP\timitsplit\unvoiced\s_FMJF0_SI1254_26120_28360.wav	1.0
G:\RP\timitsplit\unvoiced\sh_FREH0_SI685_14440_16337.wav	1.0
G:\RP\timitsplit\unvoiced\t_MRAB0_SX144_36760_40640.wav	2.0
G:\RP\timitsplit\unvoiced\q_MBGT0_SX261_19529_20726.wav	1.0
G:\RP\timitsplit\unvoiced\s_MCPM0_SX24_20600_22734.wav	1.0
G:\RP\timitsplit\unvoiced\sh_MDAS0_SX6_14600_17000.wav	1.0
G:\RP\timitsplit\unvoiced\q_MDWM0_SX16_2280_2798.wav	1.0
G:\RP\timitsplit\unvoiced\s_MEAL0_SI1547_15350_17400.wav	1.0
G:\RP\timitsplit\unvoiced\s_MEDR0_SX24_23140_24980.wav	1.0
G:\RP\timitsplit\unvoiced\sh_MEFG0_SX15_24480_26840.wav	1.0
G:\RP\timitsplit\unvoiced\t_MFXS0_SX144_39580_42640.wav	1.0
G:\RP\timitsplit\unvoiced\sh_MFXV0_SX15_21597_23201.wav	1.0
G:\RP\timitsplit\unvoiced\s_kcl_k_MHIT0_SX443_35100_37480.wav	0.6666666666666666
G:\RP\timitsplit\unvoiced\q_MJDC0_SX261_14328_15248.wav	1.0
G:\RP\timitsplit\unvoiced\s_MJEB0_SX26_5320_7603.wav	1.0
G:\RP\timitsplit\unvoiced\sh_s_MJFR0_SX345_5560_10470.wav	1.0
G:\RP\timitsplit\unvoiced\s_kcl_k_MJJJ0_SX443_35960_38391.wav	0.6666666666666666
G:\RP\timitsplit\unvoiced\s_t_MKDT0_SX443_8680_11640.wav	0.5
G:\RP\timitsplit\unvoiced\s_t_MKES0_SX443_8200_11488.wav	0.5
G:\RP\timitsplit\unvoiced\q_MMDM0_SX231_2280_4428.wav	1.0
G:\RP\timitsplit\unvoiced\q_MMEB0_SI1987_19634_20261.wav	1.0
G:\RP\timitsplit\unvoiced\s_t_MMSM0_SX26_12280_14704.wav	0.5
G:\RP\timitsplit\unvoiced\q_MMWS1_SX261_14095_14833.wav	1.0
G:\RP\timitsplit\unvoiced\s_MNTW0_SI2328_17930_19804.wav	1.0
G:\RP\timitsplit\unvoiced\q_MPRD0_SX261_18222_20114.wav	1.0
G:\RP\timitsplit\unvoiced\q_MRAM0_SX15_31581_33284.wav	1.0
G:\RP\timitsplit\unvoiced\sh_MRGS0_SX6_19513_22684.wav	1.0
G:\RP\timitsplit\unvoiced\q_MRLJ1_SX231_3720_4681.wav	1.0
G:\RP\timitsplit\unvoiced\s_t_MRLR0_SX26_4010_6546.wav	1.0
G:\RP\timitsplit\unvoiced\s_t_MSAS0_SX26_5440_8360.wav	0.5
G:\RP\timitsplit\unvoiced\s_kcl_k_MSAT1_SX443_35220_38340.wav	0.0
G:\RP\timitsplit\unvoiced\s_kcl_k_MSMS0_SX443_34440_37430.wav	0.0
G:\RP\timitsplit\unvoiced\q_MSRR0_SX231_2040_3014.wav	1.0
G:\RP\timitsplit\unvoiced\q_MTDP0_SX261_17295_18924.wav	1.0
G:\RP\timitsplit\unvoiced\t_ax-h_dcl_MTPR0_SX70_2220_4570.wav	1.0
G:\RP\timitsplit\unvoiced\sh_FALK0_SX6_31400_33800.wav	1.0
G:\RP\timitsplit\unvoiced\s_FJRB0_SI672_17391_23200.wav	1.0
G:\RP\timitsplit\unvoiced\sh_FMJU0_SI2019_13326_15331.wav	1.0
G:\RP\timitsplit\unvoiced\sh_FMKF0_SX6_28950_31206.wav	1.0
G:\RP\timitsplit\unvoiced\sh_MGSH0_SX6_23979_26109.wav	1.0
G:\RP\timitsplit\unvoiced\s_MJRG0_SI1996_6310_8870.wav	1.0
G:\RP\timitsplit\unvoiced\sh_t_MMBS0_SI1781_19240_32400.wav	0.5
G:\RP\timitsplit\unvoiced\sh_MMJB1_SI778_18140_21590.wav	1.0
G:\RP\timitsplit\unvoiced\sh_MNET0_SX6_15080_17120.wav	1.0
G:\RP\timitsplit\unvoiced\t_sh_MWSB0_SX6_16379_18366.wav	1.0
G:\RP\timitsplit\unvoiced\sh_s_MTML0_SX345_5480_12866.wav	0.5
G:\RP\timitsplit\unvoiced\s_bcl_MREW1_SI2130_7200_9326.wav	1.0
G:\RP\timitsplit\unvoiced\s_FJLG0_SI2306_23477_28960.wav	0.0
G:\RP\timitsplit\unvoiced\s_FVMH0_SX26_4820_7040.wav	1.0
G:\RP\timitsplit\unvoiced\s_kcl_k_MMAB1_SX144_31206_33666.wav	0.6666666666666666
G:\RP\timitsplit\unvoiced\s_MCRE0_SX24_24120_25960.wav	1.0
G:\RP\timitsplit\unvoiced\s_MDMT0_SI2341_9800_12608.wav	1.0
G:\RP\timitsplit\unvoiced\s_MJEE0_SI607_5080_6760.wav	1.0
G:\RP\timitsplit\unvoiced\s_MJPM0_SX198_10440_12470.wav	1.0
G:\RP\timitsplit\unvoiced\s_MPSW0_SX24_17485_19357.wav	1.0
G:\RP\timitsplit\unvoiced\s_MRAB0_SI1224_3240_5400.wav	1.0
G:\RP\timitsplit\unvoiced\s_MREE0_SX24_25560_27154.wav	1.0
G:\RP\timitsplit\unvoiced\s_t_MWAD0_SI1749_11250_13910.wav	0.5
G:\RP\timitsplit\unvoiced\th_pcl_p_MJXA0_SX157_16360_19790.wav	1.0
G:\RP\timitsplit\unvoiced\th_ax-h_pcl_p_MMAM0_SX157_15703_19010.wav	0.75
G:\RP\timitsplit\unvoiced\s_t_MAKB0_SX26_4296_6930.wav	0.5
G:\RP\timitsplit\unvoiced\s_t_MVJH0_SX26_4620_6800.wav	1.0
G:\RP\timitsplit\unvoiced\t_FBCG1_SI2242_2390_3640.wav	1.0
G:\RP\timitsplit\unvoiced\th_FCAG0_SI1641_12600_14190.wav	1.0
G:\RP\timitsplit\unvoiced\th_MCRE0_SI1725_6120_7895.wav	1.0
G:\RP\timitsplit\unvoiced\t_MAFM0_SI2199_6140_6750.wav	1.0
G:\RP\timitsplit\unvoiced\t_MMGC0_SI2184_19160_20219.wav	1.0
G:\RP\timitsplit\unvoiced\t_MMLM0_SI1527_6170_7250.wav	1.0
G:\RP\timitsplit\unvoiced\t_MMRP0_SI717_20880_22200.wav	1.0
average	0.7715643303207788
